"_id","_labels","amount","email","fraud","globalStep","id","name","phoneNumber","ssn","step","ts","_start","_end","_type"
,,,,,,,,,,,,"0","2","FIRST_TX"
,,,,,,,,,,,,"5","7","FIRST_TX"
,,,,,,,,,,,,"8","10","FIRST_TX"
,,,,,,,,,,,,"11","13","FIRST_TX"
,,,,,,,,,,,,"14","16","FIRST_TX"
,,,,,,,,,,,,"17","19","FIRST_TX"
,,,,,,,,,,,,"20","22","FIRST_TX"
,,,,,,,,,,,,"23","25","FIRST_TX"
,,,,,,,,,,,,"26","28","FIRST_TX"
,,,,,,,,,,,,"29","31","FIRST_TX"
,,,,,,,,,,,,"32","34","FIRST_TX"
,,,,,,,,,,,,"35","37","FIRST_TX"
,,,,,,,,,,,,"38","40","FIRST_TX"
,,,,,,,,,,,,"43","45","FIRST_TX"
,,,,,,,,,,,,"46","48","FIRST_TX"
,,,,,,,,,,,,"49","51","FIRST_TX"
,,,,,,,,,,,,"52","54","FIRST_TX"
,,,,,,,,,,,,"55","57","FIRST_TX"
,,,,,,,,,,,,"58","60","FIRST_TX"
,,,,,,,,,,,,"61","63","FIRST_TX"
,,,,,,,,,,,,"64","66","FIRST_TX"
,,,,,,,,,,,,"67","69","FIRST_TX"
,,,,,,,,,,,,"70","72","FIRST_TX"
,,,,,,,,,,,,"73","74","FIRST_TX"
,,,,,,,,,,,,"79","81","FIRST_TX"
,,,,,,,,,,,,"84","86","FIRST_TX"
,,,,,,,,,,,,"87","89","FIRST_TX"
,,,,,,,,,,,,"90","92","FIRST_TX"
,,,,,,,,,,,,"93","95","FIRST_TX"
,,,,,,,,,,,,"96","98","FIRST_TX"
,,,,,,,,,,,,"99","101","FIRST_TX"
,,,,,,,,,,,,"104","106","FIRST_TX"
,,,,,,,,,,,,"109","111","FIRST_TX"
,,,,,,,,,,,,"112","114","FIRST_TX"
,,,,,,,,,,,,"115","117","FIRST_TX"
,,,,,,,,,,,,"122","124","FIRST_TX"
,,,,,,,,,,,,"125","126","FIRST_TX"
,,,,,,,,,,,,"129","131","FIRST_TX"
,,,,,,,,,,,,"132","134","FIRST_TX"
,,,,,,,,,,,,"139","140","FIRST_TX"
,,,,,,,,,,,,"141","143","FIRST_TX"
,,,,,,,,,,,,"145","147","FIRST_TX"
,,,,,,,,,,,,"148","149","FIRST_TX"
,,,,,,,,,,,,"150","152","FIRST_TX"
,,,,,,,,,,,,"153","155","FIRST_TX"
,,,,,,,,,,,,"156","158","FIRST_TX"
,,,,,,,,,,,,"159","161","FIRST_TX"
,,,,,,,,,,,,"166","168","FIRST_TX"
,,,,,,,,,,,,"169","171","FIRST_TX"
,,,,,,,,,,,,"172","173","FIRST_TX"
,,,,,,,,,,,,"174","176","FIRST_TX"
,,,,,,,,,,,,"177","179","FIRST_TX"
,,,,,,,,,,,,"180","182","FIRST_TX"
,,,,,,,,,,,,"183","184","FIRST_TX"
,,,,,,,,,,,,"185","186","FIRST_TX"
,,,,,,,,,,,,"187","189","FIRST_TX"
,,,,,,,,,,,,"197","199","FIRST_TX"
,,,,,,,,,,,,"202","204","FIRST_TX"
,,,,,,,,,,,,"205","207","FIRST_TX"
,,,,,,,,,,,,"208","210","FIRST_TX"
,,,,,,,,,,,,"211","213","FIRST_TX"
,,,,,,,,,,,,"214","216","FIRST_TX"
,,,,,,,,,,,,"217","219","FIRST_TX"
,,,,,,,,,,,,"220","222","FIRST_TX"
,,,,,,,,,,,,"223","225","FIRST_TX"
,,,,,,,,,,,,"226","228","FIRST_TX"
,,,,,,,,,,,,"229","231","FIRST_TX"
,,,,,,,,,,,,"232","234","FIRST_TX"
,,,,,,,,,,,,"235","237","FIRST_TX"
,,,,,,,,,,,,"238","240","FIRST_TX"
,,,,,,,,,,,,"241","242","FIRST_TX"
,,,,,,,,,,,,"243","244","FIRST_TX"
,,,,,,,,,,,,"245","247","FIRST_TX"
,,,,,,,,,,,,"248","250","FIRST_TX"
,,,,,,,,,,,,"251","253","FIRST_TX"
,,,,,,,,,,,,"254","256","FIRST_TX"
,,,,,,,,,,,,"257","259","FIRST_TX"
,,,,,,,,,,,,"260","262","FIRST_TX"
,,,,,,,,,,,,"263","264","FIRST_TX"
,,,,,,,,,,,,"265","267","FIRST_TX"
,,,,,,,,,,,,"269","271","FIRST_TX"
,,,,,,,,,,,,"272","273","FIRST_TX"
,,,,,,,,,,,,"274","276","FIRST_TX"
,,,,,,,,,,,,"279","281","FIRST_TX"
,,,,,,,,,,,,"282","283","FIRST_TX"
,,,,,,,,,,,,"284","286","FIRST_TX"
,,,,,,,,,,,,"287","289","FIRST_TX"
,,,,,,,,,,,,"290","292","FIRST_TX"
,,,,,,,,,,,,"293","294","FIRST_TX"
,,,,,,,,,,,,"295","297","FIRST_TX"
,,,,,,,,,,,,"298","299","FIRST_TX"
,,,,,,,,,,,,"300","302","FIRST_TX"
,,,,,,,,,,,,"308","310","FIRST_TX"
,,,,,,,,,,,,"311","313","FIRST_TX"
,,,,,,,,,,,,"315","317","FIRST_TX"
,,,,,,,,,,,,"318","320","FIRST_TX"
,,,,,,,,,,,,"323","324","FIRST_TX"
,,,,,,,,,,,,"325","327","FIRST_TX"
,,,,,,,,,,,,"328","329","FIRST_TX"
,,,,,,,,,,,,"333","335","FIRST_TX"
,,,,,,,,,,,,"337","339","FIRST_TX"
,,,,,,,,,,,,"342","343","FIRST_TX"
,,,,,,,,,,,,"344","346","FIRST_TX"
,,,,,,,,,,,,"347","348","FIRST_TX"
,,,,,,,,,,,,"349","351","FIRST_TX"
,,,,,,,,,,,,"354","356","FIRST_TX"
,,,,,,,,,,,,"360","362","FIRST_TX"
,,,,,,,,,,,,"363","365","FIRST_TX"
,,,,,,,,,,,,"366","367","FIRST_TX"
,,,,,,,,,,,,"368","369","FIRST_TX"
,,,,,,,,,,,,"370","372","FIRST_TX"
,,,,,,,,,,,,"375","377","FIRST_TX"
,,,,,,,,,,,,"378","380","FIRST_TX"
,,,,,,,,,,,,"381","383","FIRST_TX"
,,,,,,,,,,,,"384","386","FIRST_TX"
,,,,,,,,,,,,"387","389","FIRST_TX"
,,,,,,,,,,,,"391","392","FIRST_TX"
,,,,,,,,,,,,"393","395","FIRST_TX"
,,,,,,,,,,,,"396","398","FIRST_TX"
,,,,,,,,,,,,"399","400","FIRST_TX"
,,,,,,,,,,,,"401","402","FIRST_TX"
,,,,,,,,,,,,"403","405","FIRST_TX"
,,,,,,,,,,,,"406","408","FIRST_TX"
,,,,,,,,,,,,"409","410","FIRST_TX"
,,,,,,,,,,,,"411","413","FIRST_TX"
,,,,,,,,,,,,"414","416","FIRST_TX"
,,,,,,,,,,,,"417","419","FIRST_TX"
,,,,,,,,,,,,"421","422","FIRST_TX"
,,,,,,,,,,,,"423","425","FIRST_TX"
,,,,,,,,,,,,"426","428","FIRST_TX"
,,,,,,,,,,,,"432","434","FIRST_TX"
,,,,,,,,,,,,"435","437","FIRST_TX"
,,,,,,,,,,,,"438","439","FIRST_TX"
,,,,,,,,,,,,"440","442","FIRST_TX"
,,,,,,,,,,,,"443","444","FIRST_TX"
,,,,,,,,,,,,"445","447","FIRST_TX"
,,,,,,,,,,,,"448","450","FIRST_TX"
,,,,,,,,,,,,"451","453","FIRST_TX"
,,,,,,,,,,,,"454","456","FIRST_TX"
,,,,,,,,,,,,"457","459","FIRST_TX"
,,,,,,,,,,,,"464","465","FIRST_TX"
,,,,,,,,,,,,"467","469","FIRST_TX"
,,,,,,,,,,,,"470","471","FIRST_TX"
,,,,,,,,,,,,"474","476","FIRST_TX"
,,,,,,,,,,,,"477","478","FIRST_TX"
,,,,,,,,,,,,"479","480","FIRST_TX"
,,,,,,,,,,,,"481","483","FIRST_TX"
,,,,,,,,,,,,"484","485","FIRST_TX"
,,,,,,,,,,,,"486","487","FIRST_TX"
,,,,,,,,,,,,"488","490","FIRST_TX"
,,,,,,,,,,,,"491","492","FIRST_TX"
,,,,,,,,,,,,"493","494","FIRST_TX"
,,,,,,,,,,,,"495","496","FIRST_TX"
,,,,,,,,,,,,"497","499","FIRST_TX"
,,,,,,,,,,,,"500","501","FIRST_TX"
,,,,,,,,,,,,"502","504","FIRST_TX"
,,,,,,,,,,,,"505","506","FIRST_TX"
,,,,,,,,,,,,"507","509","FIRST_TX"
,,,,,,,,,,,,"510","511","FIRST_TX"
,,,,,,,,,,,,"512","513","FIRST_TX"
,,,,,,,,,,,,"516","517","FIRST_TX"
,,,,,,,,,,,,"518","519","FIRST_TX"
,,,,,,,,,,,,"521","523","FIRST_TX"
,,,,,,,,,,,,"524","525","FIRST_TX"
,,,,,,,,,,,,"526","527","FIRST_TX"
,,,,,,,,,,,,"530","531","FIRST_TX"
,,,,,,,,,,,,"532","534","FIRST_TX"
,,,,,,,,,,,,"535","536","FIRST_TX"
,,,,,,,,,,,,"537","539","FIRST_TX"
,,,,,,,,,,,,"540","542","FIRST_TX"
,,,,,,,,,,,,"543","544","FIRST_TX"
,,,,,,,,,,,,"545","547","FIRST_TX"
,,,,,,,,,,,,"548","549","FIRST_TX"
,,,,,,,,,,,,"550","552","FIRST_TX"
,,,,,,,,,,,,"553","555","FIRST_TX"
,,,,,,,,,,,,"556","558","FIRST_TX"
,,,,,,,,,,,,"559","561","FIRST_TX"
,,,,,,,,,,,,"562","564","FIRST_TX"
,,,,,,,,,,,,"565","566","FIRST_TX"
,,,,,,,,,,,,"567","569","FIRST_TX"
,,,,,,,,,,,,"570","572","FIRST_TX"
,,,,,,,,,,,,"573","575","FIRST_TX"
,,,,,,,,,,,,"576","577","FIRST_TX"
,,,,,,,,,,,,"578","580","FIRST_TX"
,,,,,,,,,,,,"581","583","FIRST_TX"
,,,,,,,,,,,,"584","586","FIRST_TX"
,,,,,,,,,,,,"591","592","FIRST_TX"
,,,,,,,,,,,,"593","595","FIRST_TX"
,,,,,,,,,,,,"596","597","FIRST_TX"
,,,,,,,,,,,,"598","600","FIRST_TX"
,,,,,,,,,,,,"601","602","FIRST_TX"
,,,,,,,,,,,,"603","605","FIRST_TX"
,,,,,,,,,,,,"606","608","FIRST_TX"
,,,,,,,,,,,,"609","611","FIRST_TX"
,,,,,,,,,,,,"612","613","FIRST_TX"
,,,,,,,,,,,,"614","616","FIRST_TX"
,,,,,,,,,,,,"617","618","FIRST_TX"
,,,,,,,,,,,,"619","620","FIRST_TX"
,,,,,,,,,,,,"621","623","FIRST_TX"
,,,,,,,,,,,,"624","626","FIRST_TX"
,,,,,,,,,,,,"627","629","FIRST_TX"
,,,,,,,,,,,,"630","632","FIRST_TX"
,,,,,,,,,,,,"633","635","FIRST_TX"
,,,,,,,,,,,,"636","638","FIRST_TX"
,,,,,,,,,,,,"639","641","FIRST_TX"
,,,,,,,,,,,,"642","643","FIRST_TX"
,,,,,,,,,,,,"644","645","FIRST_TX"
,,,,,,,,,,,,"646","647","FIRST_TX"
,,,,,,,,,,,,"648","650","FIRST_TX"
,,,,,,,,,,,,"652","654","FIRST_TX"
,,,,,,,,,,,,"656","658","FIRST_TX"
,,,,,,,,,,,,"661","662","FIRST_TX"
,,,,,,,,,,,,"663","664","FIRST_TX"
,,,,,,,,,,,,"669","671","FIRST_TX"
,,,,,,,,,,,,"672","674","FIRST_TX"
,,,,,,,,,,,,"675","676","FIRST_TX"
,,,,,,,,,,,,"677","679","FIRST_TX"
,,,,,,,,,,,,"680","681","FIRST_TX"
,,,,,,,,,,,,"682","683","FIRST_TX"
,,,,,,,,,,,,"684","685","FIRST_TX"
,,,,,,,,,,,,"686","687","FIRST_TX"
,,,,,,,,,,,,"688","690","FIRST_TX"
,,,,,,,,,,,,"691","693","FIRST_TX"
,,,,,,,,,,,,"694","695","FIRST_TX"
,,,,,,,,,,,,"696","697","FIRST_TX"
,,,,,,,,,,,,"698","699","FIRST_TX"
,,,,,,,,,,,,"700","702","FIRST_TX"
,,,,,,,,,,,,"703","704","FIRST_TX"
,,,,,,,,,,,,"705","706","FIRST_TX"
,,,,,,,,,,,,"708","710","FIRST_TX"
,,,,,,,,,,,,"711","713","FIRST_TX"
,,,,,,,,,,,,"714","715","FIRST_TX"
,,,,,,,,,,,,"718","719","FIRST_TX"
,,,,,,,,,,,,"720","721","FIRST_TX"
,,,,,,,,,,,,"723","724","FIRST_TX"
,,,,,,,,,,,,"725","726","FIRST_TX"
,,,,,,,,,,,,"729","730","FIRST_TX"
,,,,,,,,,,,,"731","733","FIRST_TX"
,,,,,,,,,,,,"734","736","FIRST_TX"
,,,,,,,,,,,,"737","739","FIRST_TX"
,,,,,,,,,,,,"740","742","FIRST_TX"
,,,,,,,,,,,,"743","745","FIRST_TX"
,,,,,,,,,,,,"746","747","FIRST_TX"
,,,,,,,,,,,,"749","751","FIRST_TX"
,,,,,,,,,,,,"753","754","FIRST_TX"
,,,,,,,,,,,,"755","756","FIRST_TX"
,,,,,,,,,,,,"757","758","FIRST_TX"
,,,,,,,,,,,,"759","760","FIRST_TX"
,,,,,,,,,,,,"761","762","FIRST_TX"
,,,,,,,,,,,,"763","765","FIRST_TX"
,,,,,,,,,,,,"766","768","FIRST_TX"
,,,,,,,,,,,,"769","771","FIRST_TX"
,,,,,,,,,,,,"772","774","FIRST_TX"
,,,,,,,,,,,,"775","777","FIRST_TX"
,,,,,,,,,,,,"778","779","FIRST_TX"
,,,,,,,,,,,,"780","782","FIRST_TX"
,,,,,,,,,,,,"783","784","FIRST_TX"
,,,,,,,,,,,,"785","786","FIRST_TX"
,,,,,,,,,,,,"787","788","FIRST_TX"
,,,,,,,,,,,,"791","793","FIRST_TX"
,,,,,,,,,,,,"794","796","FIRST_TX"
,,,,,,,,,,,,"797","799","FIRST_TX"
,,,,,,,,,,,,"800","801","FIRST_TX"
,,,,,,,,,,,,"804","806","FIRST_TX"
,,,,,,,,,,,,"809","810","FIRST_TX"
,,,,,,,,,,,,"811","812","FIRST_TX"
,,,,,,,,,,,,"813","814","FIRST_TX"
,,,,,,,,,,,,"815","817","FIRST_TX"
,,,,,,,,,,,,"818","820","FIRST_TX"
,,,,,,,,,,,,"821","822","FIRST_TX"
,,,,,,,,,,,,"823","824","FIRST_TX"
,,,,,,,,,,,,"828","829","FIRST_TX"
,,,,,,,,,,,,"830","831","FIRST_TX"
,,,,,,,,,,,,"832","834","FIRST_TX"
,,,,,,,,,,,,"835","836","FIRST_TX"
,,,,,,,,,,,,"841","842","FIRST_TX"
,,,,,,,,,,,,"843","844","FIRST_TX"
,,,,,,,,,,,,"845","847","FIRST_TX"
,,,,,,,,,,,,"848","849","FIRST_TX"
,,,,,,,,,,,,"850","851","FIRST_TX"
,,,,,,,,,,,,"852","853","FIRST_TX"
,,,,,,,,,,,,"854","855","FIRST_TX"
,,,,,,,,,,,,"858","860","FIRST_TX"
,,,,,,,,,,,,"861","862","FIRST_TX"
,,,,,,,,,,,,"863","864","FIRST_TX"
,,,,,,,,,,,,"865","866","FIRST_TX"
,,,,,,,,,,,,"867","868","FIRST_TX"
,,,,,,,,,,,,"870","871","FIRST_TX"
,,,,,,,,,,,,"872","874","FIRST_TX"
,,,,,,,,,,,,"875","877","FIRST_TX"
,,,,,,,,,,,,"878","879","FIRST_TX"
,,,,,,,,,,,,"880","882","FIRST_TX"
,,,,,,,,,,,,"883","884","FIRST_TX"
,,,,,,,,,,,,"885","887","FIRST_TX"
,,,,,,,,,,,,"889","890","FIRST_TX"
,,,,,,,,,,,,"891","892","FIRST_TX"
,,,,,,,,,,,,"893","894","FIRST_TX"
,,,,,,,,,,,,"896","898","FIRST_TX"
,,,,,,,,,,,,"900","901","FIRST_TX"
,,,,,,,,,,,,"902","903","FIRST_TX"
,,,,,,,,,,,,"904","906","FIRST_TX"
,,,,,,,,,,,,"907","908","FIRST_TX"
,,,,,,,,,,,,"909","911","FIRST_TX"
,,,,,,,,,,,,"912","913","FIRST_TX"
,,,,,,,,,,,,"914","916","FIRST_TX"
,,,,,,,,,,,,"917","918","FIRST_TX"
,,,,,,,,,,,,"919","921","FIRST_TX"
,,,,,,,,,,,,"922","923","FIRST_TX"
,,,,,,,,,,,,"928","929","FIRST_TX"
,,,,,,,,,,,,"930","932","FIRST_TX"
,,,,,,,,,,,,"933","935","FIRST_TX"
,,,,,,,,,,,,"937","938","FIRST_TX"
,,,,,,,,,,,,"939","940","FIRST_TX"
,,,,,,,,,,,,"941","942","FIRST_TX"
,,,,,,,,,,,,"943","945","FIRST_TX"
,,,,,,,,,,,,"946","947","FIRST_TX"
,,,,,,,,,,,,"948","949","FIRST_TX"
,,,,,,,,,,,,"950","951","FIRST_TX"
,,,,,,,,,,,,"952","953","FIRST_TX"
,,,,,,,,,,,,"954","955","FIRST_TX"
,,,,,,,,,,,,"957","959","FIRST_TX"
,,,,,,,,,,,,"962","963","FIRST_TX"
,,,,,,,,,,,,"964","965","FIRST_TX"
,,,,,,,,,,,,"966","968","FIRST_TX"
,,,,,,,,,,,,"970","971","FIRST_TX"
,,,,,,,,,,,,"972","974","FIRST_TX"
,,,,,,,,,,,,"978","979","FIRST_TX"
,,,,,,,,,,,,"980","981","FIRST_TX"
,,,,,,,,,,,,"988","989","FIRST_TX"
,,,,,,,,,,,,"991","992","FIRST_TX"
,,,,,,,,,,,,"993","995","FIRST_TX"
,,,,,,,,,,,,"996","997","FIRST_TX"
,,,,,,,,,,,,"998","999","FIRST_TX"
,,,,,,,,,,,,"1000","1002","FIRST_TX"
,,,,,,,,,,,,"1009","1011","FIRST_TX"
,,,,,,,,,,,,"1013","1015","FIRST_TX"
,,,,,,,,,,,,"1016","1017","FIRST_TX"
,,,,,,,,,,,,"1018","1019","FIRST_TX"
,,,,,,,,,,,,"1020","1021","FIRST_TX"
,,,,,,,,,,,,"1023","1024","FIRST_TX"
,,,,,,,,,,,,"1030","1031","FIRST_TX"
,,,,,,,,,,,,"1032","1033","FIRST_TX"
,,,,,,,,,,,,"1036","1037","FIRST_TX"
,,,,,,,,,,,,"1038","1039","FIRST_TX"
,,,,,,,,,,,,"1040","1041","FIRST_TX"
,,,,,,,,,,,,"1049","1050","FIRST_TX"
,,,,,,,,,,,,"1051","1052","FIRST_TX"
,,,,,,,,,,,,"1053","1054","FIRST_TX"
,,,,,,,,,,,,"1055","1057","FIRST_TX"
,,,,,,,,,,,,"1058","1059","FIRST_TX"
,,,,,,,,,,,,"1061","1062","FIRST_TX"
,,,,,,,,,,,,"1064","1065","FIRST_TX"
,,,,,,,,,,,,"1068","1069","FIRST_TX"
,,,,,,,,,,,,"1070","1071","FIRST_TX"
,,,,,,,,,,,,"1073","1074","FIRST_TX"
,,,,,,,,,,,,"1075","1077","FIRST_TX"
,,,,,,,,,,,,"1080","1081","FIRST_TX"
,,,,,,,,,,,,"1082","1083","FIRST_TX"
,,,,,,,,,,,,"1084","1085","FIRST_TX"
,,,,,,,,,,,,"1087","1088","FIRST_TX"
,,,,,,,,,,,,"1089","1090","FIRST_TX"
,,,,,,,,,,,,"1091","1093","FIRST_TX"
,,,,,,,,,,,,"1095","1096","FIRST_TX"
,,,,,,,,,,,,"1097","1098","FIRST_TX"
,,,,,,,,,,,,"1099","1100","FIRST_TX"
,,,,,,,,,,,,"1101","1103","FIRST_TX"
,,,,,,,,,,,,"1104","1105","FIRST_TX"
,,,,,,,,,,,,"1106","1108","FIRST_TX"
,,,,,,,,,,,,"1109","1110","FIRST_TX"
,,,,,,,,,,,,"1111","1112","FIRST_TX"
,,,,,,,,,,,,"1113","1114","FIRST_TX"
,,,,,,,,,,,,"1118","1119","FIRST_TX"
,,,,,,,,,,,,"1120","1121","FIRST_TX"
,,,,,,,,,,,,"1123","1124","FIRST_TX"
,,,,,,,,,,,,"1128","1129","FIRST_TX"
,,,,,,,,,,,,"1130","1132","FIRST_TX"
,,,,,,,,,,,,"1135","1137","FIRST_TX"
,,,,,,,,,,,,"1160","1162","FIRST_TX"
,,,,,,,,,,,,"1166","1167","FIRST_TX"
,,,,,,,,,,,,"1168","1170","FIRST_TX"
,,,,,,,,,,,,"1171","1172","FIRST_TX"
,,,,,,,,,,,,"1173","1175","FIRST_TX"
,,,,,,,,,,,,"1176","1177","FIRST_TX"
,,,,,,,,,,,,"1178","1179","FIRST_TX"
,,,,,,,,,,,,"1182","1183","FIRST_TX"
,,,,,,,,,,,,"1185","1187","FIRST_TX"
,,,,,,,,,,,,"1190","1191","FIRST_TX"
,,,,,,,,,,,,"1196","1198","FIRST_TX"
,,,,,,,,,,,,"1199","1200","FIRST_TX"
,,,,,,,,,,,,"1201","1202","FIRST_TX"
,,,,,,,,,,,,"1204","1205","FIRST_TX"
,,,,,,,,,,,,"1206","1207","FIRST_TX"
,,,,,,,,,,,,"1209","1210","FIRST_TX"
,,,,,,,,,,,,"1211","1213","FIRST_TX"
,,,,,,,,,,,,"1214","1215","FIRST_TX"
,,,,,,,,,,,,"1216","1217","FIRST_TX"
,,,,,,,,,,,,"1218","1220","FIRST_TX"
,,,,,,,,,,,,"1224","1226","FIRST_TX"
,,,,,,,,,,,,"1227","1229","FIRST_TX"
,,,,,,,,,,,,"1230","1232","FIRST_TX"
,,,,,,,,,,,,"1233","1235","FIRST_TX"
,,,,,,,,,,,,"1239","1240","FIRST_TX"
,,,,,,,,,,,,"1241","1243","FIRST_TX"
,,,,,,,,,,,,"1244","1245","FIRST_TX"
,,,,,,,,,,,,"1246","1247","FIRST_TX"
,,,,,,,,,,,,"1248","1250","FIRST_TX"
,,,,,,,,,,,,"1251","1252","FIRST_TX"
,,,,,,,,,,,,"1254","1255","FIRST_TX"
,,,,,,,,,,,,"1256","1257","FIRST_TX"
,,,,,,,,,,,,"1258","1259","FIRST_TX"
,,,,,,,,,,,,"1263","1264","FIRST_TX"
,,,,,,,,,,,,"1265","1266","FIRST_TX"
,,,,,,,,,,,,"1271","1272","FIRST_TX"
,,,,,,,,,,,,"1274","1275","FIRST_TX"
,,,,,,,,,,,,"1277","1278","FIRST_TX"
,,,,,,,,,,,,"1279","1280","FIRST_TX"
,,,,,,,,,,,,"1281","1282","FIRST_TX"
,,,,,,,,,,,,"1284","1285","FIRST_TX"
,,,,,,,,,,,,"1287","1288","FIRST_TX"
,,,,,,,,,,,,"1290","1291","FIRST_TX"
,,,,,,,,,,,,"1294","1296","FIRST_TX"
,,,,,,,,,,,,"1298","1299","FIRST_TX"
,,,,,,,,,,,,"1303","1304","FIRST_TX"
,,,,,,,,,,,,"1306","1307","FIRST_TX"
,,,,,,,,,,,,"1308","1309","FIRST_TX"
,,,,,,,,,,,,"1310","1311","FIRST_TX"
,,,,,,,,,,,,"1312","1313","FIRST_TX"
,,,,,,,,,,,,"1315","1316","FIRST_TX"
,,,,,,,,,,,,"1320","1321","FIRST_TX"
,,,,,,,,,,,,"1322","1323","FIRST_TX"
,,,,,,,,,,,,"1325","1326","FIRST_TX"
,,,,,,,,,,,,"1328","1329","FIRST_TX"
,,,,,,,,,,,,"1330","1331","FIRST_TX"
,,,,,,,,,,,,"1333","1334","FIRST_TX"
,,,,,,,,,,,,"1335","1336","FIRST_TX"
,,,,,,,,,,,,"1337","1338","FIRST_TX"
,,,,,,,,,,,,"1339","1341","FIRST_TX"
,,,,,,,,,,,,"1342","1343","FIRST_TX"
,,,,,,,,,,,,"1344","1345","FIRST_TX"
,,,,,,,,,,,,"1346","1347","FIRST_TX"
,,,,,,,,,,,,"1350","1352","FIRST_TX"
,,,,,,,,,,,,"1353","1354","FIRST_TX"
,,,,,,,,,,,,"1359","1360","FIRST_TX"
,,,,,,,,,,,,"1363","1365","FIRST_TX"
,,,,,,,,,,,,"1366","1367","FIRST_TX"
,,,,,,,,,,,,"1368","1369","FIRST_TX"
,,,,,,,,,,,,"1370","1371","FIRST_TX"
,,,,,,,,,,,,"1374","1375","FIRST_TX"
,,,,,,,,,,,,"1377","1378","FIRST_TX"
,,,,,,,,,,,,"1380","1381","FIRST_TX"
,,,,,,,,,,,,"1382","1383","FIRST_TX"
,,,,,,,,,,,,"1387","1388","FIRST_TX"
,,,,,,,,,,,,"1389","1390","FIRST_TX"
,,,,,,,,,,,,"1393","1394","FIRST_TX"
,,,,,,,,,,,,"1395","1397","FIRST_TX"
,,,,,,,,,,,,"1398","1399","FIRST_TX"
,,,,,,,,,,,,"1401","1403","FIRST_TX"
,,,,,,,,,,,,"1404","1406","FIRST_TX"
,,,,,,,,,,,,"1407","1408","FIRST_TX"
,,,,,,,,,,,,"1409","1410","FIRST_TX"
,,,,,,,,,,,,"1412","1413","FIRST_TX"
,,,,,,,,,,,,"1414","1415","FIRST_TX"
,,,,,,,,,,,,"1418","1419","FIRST_TX"
,,,,,,,,,,,,"1423","1424","FIRST_TX"
,,,,,,,,,,,,"1425","1426","FIRST_TX"
,,,,,,,,,,,,"1427","1429","FIRST_TX"
,,,,,,,,,,,,"1430","1431","FIRST_TX"
,,,,,,,,,,,,"1437","1438","FIRST_TX"
,,,,,,,,,,,,"1439","1440","FIRST_TX"
,,,,,,,,,,,,"1443","1444","FIRST_TX"
,,,,,,,,,,,,"1445","1446","FIRST_TX"
,,,,,,,,,,,,"1447","1448","FIRST_TX"
,,,,,,,,,,,,"1450","1451","FIRST_TX"
,,,,,,,,,,,,"1454","1455","FIRST_TX"
,,,,,,,,,,,,"1457","1458","FIRST_TX"
,,,,,,,,,,,,"1459","1460","FIRST_TX"
,,,,,,,,,,,,"1462","1463","FIRST_TX"
,,,,,,,,,,,,"1464","1465","FIRST_TX"
,,,,,,,,,,,,"1472","1473","FIRST_TX"
,,,,,,,,,,,,"1479","1480","FIRST_TX"
,,,,,,,,,,,,"1481","1482","FIRST_TX"
,,,,,,,,,,,,"1486","1487","FIRST_TX"
,,,,,,,,,,,,"1491","1493","FIRST_TX"
,,,,,,,,,,,,"1494","1496","FIRST_TX"
,,,,,,,,,,,,"1500","1502","FIRST_TX"
,,,,,,,,,,,,"1503","1504","FIRST_TX"
,,,,,,,,,,,,"1510","1512","FIRST_TX"
,,,,,,,,,,,,"1514","1516","FIRST_TX"
,,,,,,,,,,,,"1525","1526","FIRST_TX"
,,,,,,,,,,,,"1531","1532","FIRST_TX"
,,,,,,,,,,,,"1542","1543","FIRST_TX"
,,,,,,,,,,,,"1546","1548","FIRST_TX"
,,,,,,,,,,,,"1551","1552","FIRST_TX"
,,,,,,,,,,,,"1556","1557","FIRST_TX"
,,,,,,,,,,,,"1562","1563","FIRST_TX"
,,,,,,,,,,,,"1574","1575","FIRST_TX"
,,,,,,,,,,,,"1576","1577","FIRST_TX"
,,,,,,,,,,,,"1578","1579","FIRST_TX"
,,,,,,,,,,,,"1580","1581","FIRST_TX"
,,,,,,,,,,,,"1582","1583","FIRST_TX"
,,,,,,,,,,,,"1585","1586","FIRST_TX"
,,,,,,,,,,,,"1592","1593","FIRST_TX"
,,,,,,,,,,,,"1594","1595","FIRST_TX"
,,,,,,,,,,,,"1596","1597","FIRST_TX"
,,,,,,,,,,,,"1598","1599","FIRST_TX"
,,,,,,,,,,,,"1600","1601","FIRST_TX"
,,,,,,,,,,,,"1602","1603","FIRST_TX"
,,,,,,,,,,,,"1604","1605","FIRST_TX"
,,,,,,,,,,,,"1607","1608","FIRST_TX"
,,,,,,,,,,,,"1609","1610","FIRST_TX"
,,,,,,,,,,,,"1614","1615","FIRST_TX"
,,,,,,,,,,,,"1617","1618","FIRST_TX"
,,,,,,,,,,,,"1626","1628","FIRST_TX"
,,,,,,,,,,,,"1636","1637","FIRST_TX"
,,,,,,,,,,,,"1638","1639","FIRST_TX"
,,,,,,,,,,,,"1643","1644","FIRST_TX"
,,,,,,,,,,,,"1647","1648","FIRST_TX"
,,,,,,,,,,,,"1651","1652","FIRST_TX"
,,,,,,,,,,,,"1653","1654","FIRST_TX"
,,,,,,,,,,,,"1655","1656","FIRST_TX"
,,,,,,,,,,,,"1657","1658","FIRST_TX"
,,,,,,,,,,,,"1659","1660","FIRST_TX"
,,,,,,,,,,,,"1662","1663","FIRST_TX"
,,,,,,,,,,,,"1664","1665","FIRST_TX"
,,,,,,,,,,,,"1666","1667","FIRST_TX"
,,,,,,,,,,,,"1668","1669","FIRST_TX"
,,,,,,,,,,,,"1675","1676","FIRST_TX"
,,,,,,,,,,,,"1677","1678","FIRST_TX"
,,,,,,,,,,,,"1679","1680","FIRST_TX"
,,,,,,,,,,,,"1681","1682","FIRST_TX"
,,,,,,,,,,,,"1683","1684","FIRST_TX"
,,,,,,,,,,,,"1687","1688","FIRST_TX"
,,,,,,,,,,,,"1689","1690","FIRST_TX"
,,,,,,,,,,,,"1695","1696","FIRST_TX"
,,,,,,,,,,,,"1703","1704","FIRST_TX"
,,,,,,,,,,,,"1708","1709","FIRST_TX"
,,,,,,,,,,,,"1719","1720","FIRST_TX"
,,,,,,,,,,,,"1721","1722","FIRST_TX"
,,,,,,,,,,,,"1725","1726","FIRST_TX"
,,,,,,,,,,,,"1734","1735","FIRST_TX"
,,,,,,,,,,,,"1739","1740","FIRST_TX"
,,,,,,,,,,,,"1742","1743","FIRST_TX"
,,,,,,,,,,,,"1744","1745","FIRST_TX"
,,,,,,,,,,,,"1747","1748","FIRST_TX"
,,,,,,,,,,,,"1750","1752","FIRST_TX"
,,,,,,,,,,,,"1754","1755","FIRST_TX"
,,,,,,,,,,,,"1756","1757","FIRST_TX"
,,,,,,,,,,,,"1758","1760","FIRST_TX"
,,,,,,,,,,,,"1767","1768","FIRST_TX"
,,,,,,,,,,,,"1770","1771","FIRST_TX"
,,,,,,,,,,,,"1772","1773","FIRST_TX"
,,,,,,,,,,,,"1775","1776","FIRST_TX"
,,,,,,,,,,,,"1777","1779","FIRST_TX"
,,,,,,,,,,,,"1784","1785","FIRST_TX"
,,,,,,,,,,,,"1786","1788","FIRST_TX"
,,,,,,,,,,,,"1789","1790","FIRST_TX"
,,,,,,,,,,,,"1792","1793","FIRST_TX"
,,,,,,,,,,,,"1794","1795","FIRST_TX"
,,,,,,,,,,,,"1796","1797","FIRST_TX"
,,,,,,,,,,,,"1799","1800","FIRST_TX"
,,,,,,,,,,,,"1801","1802","FIRST_TX"
,,,,,,,,,,,,"1804","1805","FIRST_TX"
,,,,,,,,,,,,"1806","1807","FIRST_TX"
,,,,,,,,,,,,"1808","1810","FIRST_TX"
,,,,,,,,,,,,"1814","1815","FIRST_TX"
,,,,,,,,,,,,"1816","1817","FIRST_TX"
,,,,,,,,,,,,"1819","1820","FIRST_TX"
,,,,,,,,,,,,"1821","1822","FIRST_TX"
,,,,,,,,,,,,"1823","1824","FIRST_TX"
,,,,,,,,,,,,"1826","1827","FIRST_TX"
,,,,,,,,,,,,"1833","1834","FIRST_TX"
,,,,,,,,,,,,"1835","1836","FIRST_TX"
,,,,,,,,,,,,"1837","1838","FIRST_TX"
,,,,,,,,,,,,"1840","1841","FIRST_TX"
,,,,,,,,,,,,"1842","1843","FIRST_TX"
,,,,,,,,,,,,"1851","1852","FIRST_TX"
,,,,,,,,,,,,"1854","1855","FIRST_TX"
,,,,,,,,,,,,"1858","1859","FIRST_TX"
,,,,,,,,,,,,"1860","1861","FIRST_TX"
,,,,,,,,,,,,"1862","1863","FIRST_TX"
,,,,,,,,,,,,"1864","1865","FIRST_TX"
,,,,,,,,,,,,"1868","1869","FIRST_TX"
,,,,,,,,,,,,"1871","1872","FIRST_TX"
,,,,,,,,,,,,"1873","1874","FIRST_TX"
,,,,,,,,,,,,"1875","1876","FIRST_TX"
,,,,,,,,,,,,"1878","1879","FIRST_TX"
,,,,,,,,,,,,"1882","1883","FIRST_TX"
,,,,,,,,,,,,"1884","1885","FIRST_TX"
,,,,,,,,,,,,"1886","1887","FIRST_TX"
,,,,,,,,,,,,"1888","1889","FIRST_TX"
,,,,,,,,,,,,"1890","1891","FIRST_TX"
,,,,,,,,,,,,"1892","1893","FIRST_TX"
,,,,,,,,,,,,"1898","1899","FIRST_TX"
,,,,,,,,,,,,"1900","1901","FIRST_TX"
,,,,,,,,,,,,"1903","1904","FIRST_TX"
,,,,,,,,,,,,"1921","1922","FIRST_TX"
,,,,,,,,,,,,"1926","1928","FIRST_TX"
,,,,,,,,,,,,"1929","1930","FIRST_TX"
,,,,,,,,,,,,"1931","1932","FIRST_TX"
,,,,,,,,,,,,"1933","1934","FIRST_TX"
,,,,,,,,,,,,"1936","1937","FIRST_TX"
,,,,,,,,,,,,"1938","1940","FIRST_TX"
,,,,,,,,,,,,"1941","1942","FIRST_TX"
,,,,,,,,,,,,"1943","1944","FIRST_TX"
,,,,,,,,,,,,"1945","1946","FIRST_TX"
,,,,,,,,,,,,"1955","1956","FIRST_TX"
,,,,,,,,,,,,"1957","1958","FIRST_TX"
,,,,,,,,,,,,"1966","1967","FIRST_TX"
,,,,,,,,,,,,"1968","1969","FIRST_TX"
,,,,,,,,,,,,"1970","1971","FIRST_TX"
,,,,,,,,,,,,"1973","1974","FIRST_TX"
,,,,,,,,,,,,"1976","1977","FIRST_TX"
,,,,,,,,,,,,"1983","1984","FIRST_TX"
,,,,,,,,,,,,"1985","1987","FIRST_TX"
,,,,,,,,,,,,"1990","1991","FIRST_TX"
,,,,,,,,,,,,"1992","1993","FIRST_TX"
,,,,,,,,,,,,"1995","1996","FIRST_TX"
,,,,,,,,,,,,"2000","2001","FIRST_TX"
,,,,,,,,,,,,"2004","2005","FIRST_TX"
,,,,,,,,,,,,"2008","2009","FIRST_TX"
,,,,,,,,,,,,"2010","2011","FIRST_TX"
,,,,,,,,,,,,"2012","2013","FIRST_TX"
,,,,,,,,,,,,"2014","2015","FIRST_TX"
,,,,,,,,,,,,"2016","2017","FIRST_TX"
,,,,,,,,,,,,"2020","2021","FIRST_TX"
,,,,,,,,,,,,"2027","2028","FIRST_TX"
,,,,,,,,,,,,"2029","2030","FIRST_TX"
,,,,,,,,,,,,"2034","2035","FIRST_TX"
,,,,,,,,,,,,"2038","2039","FIRST_TX"
,,,,,,,,,,,,"2040","2041","FIRST_TX"
,,,,,,,,,,,,"2042","2043","FIRST_TX"
,,,,,,,,,,,,"2051","2052","FIRST_TX"
,,,,,,,,,,,,"2055","2056","FIRST_TX"
,,,,,,,,,,,,"2057","2059","FIRST_TX"
,,,,,,,,,,,,"2065","2066","FIRST_TX"
,,,,,,,,,,,,"2073","2074","FIRST_TX"
,,,,,,,,,,,,"2075","2076","FIRST_TX"
,,,,,,,,,,,,"2078","2079","FIRST_TX"
,,,,,,,,,,,,"2080","2081","FIRST_TX"
,,,,,,,,,,,,"2083","2085","FIRST_TX"
,,,,,,,,,,,,"2086","2087","FIRST_TX"
,,,,,,,,,,,,"2091","2092","FIRST_TX"
,,,,,,,,,,,,"2099","2100","FIRST_TX"
,,,,,,,,,,,,"2101","2102","FIRST_TX"
,,,,,,,,,,,,"2104","2105","FIRST_TX"
,,,,,,,,,,,,"2108","2109","FIRST_TX"
,,,,,,,,,,,,"2111","2112","FIRST_TX"
,,,,,,,,,,,,"2115","2116","FIRST_TX"
,,,,,,,,,,,,"2117","2119","FIRST_TX"
,,,,,,,,,,,,"2121","2122","FIRST_TX"
,,,,,,,,,,,,"2123","2124","FIRST_TX"
,,,,,,,,,,,,"2127","2129","FIRST_TX"
,,,,,,,,,,,,"2136","2137","FIRST_TX"
,,,,,,,,,,,,"2138","2139","FIRST_TX"
,,,,,,,,,,,,"2140","2141","FIRST_TX"
,,,,,,,,,,,,"2144","2145","FIRST_TX"
,,,,,,,,,,,,"2147","2148","FIRST_TX"
,,,,,,,,,,,,"2155","2156","FIRST_TX"
,,,,,,,,,,,,"2157","2158","FIRST_TX"
,,,,,,,,,,,,"2163","2164","FIRST_TX"
,,,,,,,,,,,,"2168","2169","FIRST_TX"
,,,,,,,,,,,,"2172","2173","FIRST_TX"
,,,,,,,,,,,,"2179","2180","FIRST_TX"
,,,,,,,,,,,,"2182","2183","FIRST_TX"
,,,,,,,,,,,,"2185","2186","FIRST_TX"
,,,,,,,,,,,,"2187","2188","FIRST_TX"
,,,,,,,,,,,,"2190","2191","FIRST_TX"
,,,,,,,,,,,,"2192","2193","FIRST_TX"
,,,,,,,,,,,,"2195","2196","FIRST_TX"
,,,,,,,,,,,,"2198","2199","FIRST_TX"
,,,,,,,,,,,,"2203","2204","FIRST_TX"
,,,,,,,,,,,,"2205","2206","FIRST_TX"
,,,,,,,,,,,,"2208","2209","FIRST_TX"
,,,,,,,,,,,,"2215","2216","FIRST_TX"
,,,,,,,,,,,,"2217","2218","FIRST_TX"
,,,,,,,,,,,,"2219","2220","FIRST_TX"
,,,,,,,,,,,,"2222","2223","FIRST_TX"
,,,,,,,,,,,,"2228","2229","FIRST_TX"
,,,,,,,,,,,,"2232","2233","FIRST_TX"
,,,,,,,,,,,,"2234","2235","FIRST_TX"
,,,,,,,,,,,,"2236","2237","FIRST_TX"
,,,,,,,,,,,,"2238","2239","FIRST_TX"
,,,,,,,,,,,,"2240","2241","FIRST_TX"
,,,,,,,,,,,,"2242","2243","FIRST_TX"
,,,,,,,,,,,,"2244","2245","FIRST_TX"
,,,,,,,,,,,,"2246","2248","FIRST_TX"
,,,,,,,,,,,,"2251","2252","FIRST_TX"
,,,,,,,,,,,,"2254","2255","FIRST_TX"
,,,,,,,,,,,,"2256","2257","FIRST_TX"
,,,,,,,,,,,,"2258","2259","FIRST_TX"
,,,,,,,,,,,,"2262","2263","FIRST_TX"
,,,,,,,,,,,,"2264","2265","FIRST_TX"
,,,,,,,,,,,,"2266","2267","FIRST_TX"
,,,,,,,,,,,,"2269","2270","FIRST_TX"
,,,,,,,,,,,,"2272","2273","FIRST_TX"
,,,,,,,,,,,,"2283","2284","FIRST_TX"
,,,,,,,,,,,,"2286","2287","FIRST_TX"
,,,,,,,,,,,,"2292","2293","FIRST_TX"
,,,,,,,,,,,,"2296","2297","FIRST_TX"
,,,,,,,,,,,,"2302","2303","FIRST_TX"
,,,,,,,,,,,,"2306","2308","FIRST_TX"
,,,,,,,,,,,,"2309","2310","FIRST_TX"
,,,,,,,,,,,,"2311","2312","FIRST_TX"
,,,,,,,,,,,,"2317","2318","FIRST_TX"
,,,,,,,,,,,,"2322","2323","FIRST_TX"
,,,,,,,,,,,,"2327","2328","FIRST_TX"
,,,,,,,,,,,,"2330","2331","FIRST_TX"
,,,,,,,,,,,,"2332","2333","FIRST_TX"
,,,,,,,,,,,,"2336","2337","FIRST_TX"
,,,,,,,,,,,,"2338","2340","FIRST_TX"
,,,,,,,,,,,,"2342","2343","FIRST_TX"
,,,,,,,,,,,,"2344","2345","FIRST_TX"
,,,,,,,,,,,,"2346","2347","FIRST_TX"
,,,,,,,,,,,,"2349","2350","FIRST_TX"
,,,,,,,,,,,,"2351","2352","FIRST_TX"
,,,,,,,,,,,,"2358","2359","FIRST_TX"
,,,,,,,,,,,,"2361","2362","FIRST_TX"
,,,,,,,,,,,,"2363","2364","FIRST_TX"
,,,,,,,,,,,,"2371","2372","FIRST_TX"
,,,,,,,,,,,,"2374","2375","FIRST_TX"
,,,,,,,,,,,,"2376","2377","FIRST_TX"
,,,,,,,,,,,,"2380","2381","FIRST_TX"
,,,,,,,,,,,,"2384","2385","FIRST_TX"
,,,,,,,,,,,,"2387","2388","FIRST_TX"
,,,,,,,,,,,,"2399","2400","FIRST_TX"
,,,,,,,,,,,,"2406","2407","FIRST_TX"
,,,,,,,,,,,,"2410","2411","FIRST_TX"
,,,,,,,,,,,,"2412","2413","FIRST_TX"
,,,,,,,,,,,,"2414","2415","FIRST_TX"
,,,,,,,,,,,,"2423","2424","FIRST_TX"
,,,,,,,,,,,,"2426","2427","FIRST_TX"
,,,,,,,,,,,,"2429","2430","FIRST_TX"
,,,,,,,,,,,,"2435","2436","FIRST_TX"
,,,,,,,,,,,,"2438","2439","FIRST_TX"
,,,,,,,,,,,,"2440","2441","FIRST_TX"
,,,,,,,,,,,,"2447","2448","FIRST_TX"
,,,,,,,,,,,,"2449","2450","FIRST_TX"
,,,,,,,,,,,,"2457","2458","FIRST_TX"
,,,,,,,,,,,,"2461","2462","FIRST_TX"
,,,,,,,,,,,,"2464","2465","FIRST_TX"
,,,,,,,,,,,,"2468","2469","FIRST_TX"
,,,,,,,,,,,,"2470","2471","FIRST_TX"
,,,,,,,,,,,,"2473","2474","FIRST_TX"
,,,,,,,,,,,,"2475","2476","FIRST_TX"
,,,,,,,,,,,,"2477","2478","FIRST_TX"
,,,,,,,,,,,,"2481","2482","FIRST_TX"
,,,,,,,,,,,,"2484","2485","FIRST_TX"
,,,,,,,,,,,,"2489","2490","FIRST_TX"
,,,,,,,,,,,,"2492","2493","FIRST_TX"
,,,,,,,,,,,,"2494","2495","FIRST_TX"
,,,,,,,,,,,,"2496","2497","FIRST_TX"
,,,,,,,,,,,,"2499","2500","FIRST_TX"
,,,,,,,,,,,,"2502","2503","FIRST_TX"
,,,,,,,,,,,,"2504","2505","FIRST_TX"
,,,,,,,,,,,,"2522","2523","FIRST_TX"
,,,,,,,,,,,,"2524","2525","FIRST_TX"
,,,,,,,,,,,,"2526","2527","FIRST_TX"
,,,,,,,,,,,,"2530","2531","FIRST_TX"
,,,,,,,,,,,,"2539","2540","FIRST_TX"
,,,,,,,,,,,,"2542","2543","FIRST_TX"
,,,,,,,,,,,,"2544","2545","FIRST_TX"
,,,,,,,,,,,,"2546","2547","FIRST_TX"
,,,,,,,,,,,,"2550","2551","FIRST_TX"
,,,,,,,,,,,,"2556","2557","FIRST_TX"
,,,,,,,,,,,,"2561","2562","FIRST_TX"
,,,,,,,,,,,,"2564","2565","FIRST_TX"
,,,,,,,,,,,,"2566","2567","FIRST_TX"
,,,,,,,,,,,,"2569","2570","FIRST_TX"
,,,,,,,,,,,,"2572","2573","FIRST_TX"
,,,,,,,,,,,,"2574","2575","FIRST_TX"
,,,,,,,,,,,,"2576","2577","FIRST_TX"
,,,,,,,,,,,,"2578","2579","FIRST_TX"
,,,,,,,,,,,,"2580","2582","FIRST_TX"
,,,,,,,,,,,,"2585","2586","FIRST_TX"
,,,,,,,,,,,,"2587","2588","FIRST_TX"
,,,,,,,,,,,,"2589","2590","FIRST_TX"
,,,,,,,,,,,,"2605","2606","FIRST_TX"
,,,,,,,,,,,,"2609","2610","FIRST_TX"
,,,,,,,,,,,,"2611","2612","FIRST_TX"
,,,,,,,,,,,,"2619","2620","FIRST_TX"
,,,,,,,,,,,,"2621","2622","FIRST_TX"
,,,,,,,,,,,,"2630","2631","FIRST_TX"
,,,,,,,,,,,,"2632","2633","FIRST_TX"
,,,,,,,,,,,,"2634","2635","FIRST_TX"
,,,,,,,,,,,,"2636","2637","FIRST_TX"
,,,,,,,,,,,,"2638","2639","FIRST_TX"
,,,,,,,,,,,,"2645","2646","FIRST_TX"
,,,,,,,,,,,,"2649","2650","FIRST_TX"
,,,,,,,,,,,,"2651","2652","FIRST_TX"
,,,,,,,,,,,,"2653","2654","FIRST_TX"
,,,,,,,,,,,,"2656","2657","FIRST_TX"
,,,,,,,,,,,,"2661","2662","FIRST_TX"
,,,,,,,,,,,,"2664","2665","FIRST_TX"
,,,,,,,,,,,,"2667","2668","FIRST_TX"
,,,,,,,,,,,,"2670","2671","FIRST_TX"
,,,,,,,,,,,,"2672","2673","FIRST_TX"
,,,,,,,,,,,,"2678","2679","FIRST_TX"
,,,,,,,,,,,,"2680","2681","FIRST_TX"
,,,,,,,,,,,,"2684","2685","FIRST_TX"
,,,,,,,,,,,,"2687","2688","FIRST_TX"
,,,,,,,,,,,,"2689","2690","FIRST_TX"
,,,,,,,,,,,,"2691","2692","FIRST_TX"
,,,,,,,,,,,,"2699","2700","FIRST_TX"
,,,,,,,,,,,,"2701","2702","FIRST_TX"
,,,,,,,,,,,,"2703","2704","FIRST_TX"
,,,,,,,,,,,,"2705","2706","FIRST_TX"
,,,,,,,,,,,,"2709","2710","FIRST_TX"
,,,,,,,,,,,,"2714","2715","FIRST_TX"
,,,,,,,,,,,,"2716","2717","FIRST_TX"
,,,,,,,,,,,,"2718","2719","FIRST_TX"
,,,,,,,,,,,,"2720","2721","FIRST_TX"
,,,,,,,,,,,,"2727","2728","FIRST_TX"
,,,,,,,,,,,,"2730","2731","FIRST_TX"
,,,,,,,,,,,,"2732","2733","FIRST_TX"
,,,,,,,,,,,,"2736","2737","FIRST_TX"
,,,,,,,,,,,,"2739","2740","FIRST_TX"
,,,,,,,,,,,,"2742","2743","FIRST_TX"
,,,,,,,,,,,,"2746","2747","FIRST_TX"
,,,,,,,,,,,,"2748","2749","FIRST_TX"
,,,,,,,,,,,,"2750","2751","FIRST_TX"
,,,,,,,,,,,,"2753","2754","FIRST_TX"
,,,,,,,,,,,,"2758","2759","FIRST_TX"
,,,,,,,,,,,,"2760","2761","FIRST_TX"
,,,,,,,,,,,,"2765","2766","FIRST_TX"
,,,,,,,,,,,,"2767","2768","FIRST_TX"
,,,,,,,,,,,,"2769","2770","FIRST_TX"
,,,,,,,,,,,,"2773","2774","FIRST_TX"
,,,,,,,,,,,,"2779","2780","FIRST_TX"
,,,,,,,,,,,,"2781","2782","FIRST_TX"
,,,,,,,,,,,,"2783","2784","FIRST_TX"
,,,,,,,,,,,,"2785","2786","FIRST_TX"
,,,,,,,,,,,,"2790","2791","FIRST_TX"
,,,,,,,,,,,,"2792","2793","FIRST_TX"
,,,,,,,,,,,,"2795","2796","FIRST_TX"
,,,,,,,,,,,,"2801","2802","FIRST_TX"
,,,,,,,,,,,,"2810","2811","FIRST_TX"
,,,,,,,,,,,,"2812","2813","FIRST_TX"
,,,,,,,,,,,,"2815","2816","FIRST_TX"
,,,,,,,,,,,,"2817","2818","FIRST_TX"
,,,,,,,,,,,,"2819","2821","FIRST_TX"
,,,,,,,,,,,,"2822","2823","FIRST_TX"
,,,,,,,,,,,,"2826","2827","FIRST_TX"
,,,,,,,,,,,,"2828","2829","FIRST_TX"
,,,,,,,,,,,,"2830","2831","FIRST_TX"
,,,,,,,,,,,,"2833","2834","FIRST_TX"
,,,,,,,,,,,,"2838","2839","FIRST_TX"
,,,,,,,,,,,,"2844","2845","FIRST_TX"
,,,,,,,,,,,,"2846","2847","FIRST_TX"
,,,,,,,,,,,,"2848","2849","FIRST_TX"
,,,,,,,,,,,,"2850","2851","FIRST_TX"
,,,,,,,,,,,,"2852","2853","FIRST_TX"
,,,,,,,,,,,,"2855","2856","FIRST_TX"
,,,,,,,,,,,,"2859","2860","FIRST_TX"
,,,,,,,,,,,,"2861","2862","FIRST_TX"
,,,,,,,,,,,,"2865","2866","FIRST_TX"
,,,,,,,,,,,,"2868","2869","FIRST_TX"
,,,,,,,,,,,,"2870","2871","FIRST_TX"
,,,,,,,,,,,,"2872","2873","FIRST_TX"
,,,,,,,,,,,,"2883","2884","FIRST_TX"
,,,,,,,,,,,,"2885","2886","FIRST_TX"
,,,,,,,,,,,,"2888","2889","FIRST_TX"
,,,,,,,,,,,,"2890","2891","FIRST_TX"
,,,,,,,,,,,,"2892","2893","FIRST_TX"
,,,,,,,,,,,,"2895","2896","FIRST_TX"
,,,,,,,,,,,,"2897","2898","FIRST_TX"
,,,,,,,,,,,,"2905","2906","FIRST_TX"
,,,,,,,,,,,,"2909","2910","FIRST_TX"
,,,,,,,,,,,,"2911","2912","FIRST_TX"
,,,,,,,,,,,,"2915","2916","FIRST_TX"
,,,,,,,,,,,,"2922","2923","FIRST_TX"
,,,,,,,,,,,,"2925","2926","FIRST_TX"
,,,,,,,,,,,,"2928","2929","FIRST_TX"
,,,,,,,,,,,,"2936","2937","FIRST_TX"
,,,,,,,,,,,,"2939","2940","FIRST_TX"
,,,,,,,,,,,,"2941","2942","FIRST_TX"
,,,,,,,,,,,,"2943","2944","FIRST_TX"
,,,,,,,,,,,,"2948","2949","FIRST_TX"
,,,,,,,,,,,,"2951","2952","FIRST_TX"
,,,,,,,,,,,,"2960","2961","FIRST_TX"
,,,,,,,,,,,,"2962","2963","FIRST_TX"
,,,,,,,,,,,,"2965","2966","FIRST_TX"
,,,,,,,,,,,,"2972","2973","FIRST_TX"
,,,,,,,,,,,,"2975","2976","FIRST_TX"
,,,,,,,,,,,,"2978","2979","FIRST_TX"
,,,,,,,,,,,,"2981","2982","FIRST_TX"
,,,,,,,,,,,,"2983","2984","FIRST_TX"
,,,,,,,,,,,,"2985","2986","FIRST_TX"
,,,,,,,,,,,,"2990","2991","FIRST_TX"
,,,,,,,,,,,,"2994","2995","FIRST_TX"
,,,,,,,,,,,,"3000","3001","FIRST_TX"
,,,,,,,,,,,,"3002","3003","FIRST_TX"
,,,,,,,,,,,,"3004","3005","FIRST_TX"
,,,,,,,,,,,,"3006","3007","FIRST_TX"
,,,,,,,,,,,,"3008","3009","FIRST_TX"
,,,,,,,,,,,,"3011","3012","FIRST_TX"
,,,,,,,,,,,,"3014","3015","FIRST_TX"
,,,,,,,,,,,,"3016","3017","FIRST_TX"
,,,,,,,,,,,,"3019","3020","FIRST_TX"
,,,,,,,,,,,,"3023","3024","FIRST_TX"
,,,,,,,,,,,,"3028","3029","FIRST_TX"
,,,,,,,,,,,,"3030","3031","FIRST_TX"
,,,,,,,,,,,,"3033","3034","FIRST_TX"
,,,,,,,,,,,,"3036","3037","FIRST_TX"
,,,,,,,,,,,,"3039","3040","FIRST_TX"
,,,,,,,,,,,,"3058","3059","FIRST_TX"
,,,,,,,,,,,,"3065","3066","FIRST_TX"
,,,,,,,,,,,,"3070","3071","FIRST_TX"
,,,,,,,,,,,,"3073","3074","FIRST_TX"
,,,,,,,,,,,,"3075","3076","FIRST_TX"
,,,,,,,,,,,,"3077","3078","FIRST_TX"
,,,,,,,,,,,,"3079","3080","FIRST_TX"
,,,,,,,,,,,,"3090","3091","FIRST_TX"
,,,,,,,,,,,,"3097","3098","FIRST_TX"
,,,,,,,,,,,,"3110","3111","FIRST_TX"
,,,,,,,,,,,,"3114","3115","FIRST_TX"
,,,,,,,,,,,,"3117","3118","FIRST_TX"
,,,,,,,,,,,,"3129","3130","FIRST_TX"
,,,,,,,,,,,,"3144","3145","FIRST_TX"
,,,,,,,,,,,,"3147","3148","FIRST_TX"
,,,,,,,,,,,,"3152","3153","FIRST_TX"
,,,,,,,,,,,,"3155","3156","FIRST_TX"
,,,,,,,,,,,,"3157","3158","FIRST_TX"
,,,,,,,,,,,,"3159","3160","FIRST_TX"
,,,,,,,,,,,,"3161","3162","FIRST_TX"
,,,,,,,,,,,,"3164","3165","FIRST_TX"
,,,,,,,,,,,,"3168","3169","FIRST_TX"
,,,,,,,,,,,,"3172","3173","FIRST_TX"
,,,,,,,,,,,,"3174","3175","FIRST_TX"
,,,,,,,,,,,,"3183","3184","FIRST_TX"
,,,,,,,,,,,,"3191","3192","FIRST_TX"
,,,,,,,,,,,,"3206","3207","FIRST_TX"
,,,,,,,,,,,,"3219","3220","FIRST_TX"
,,,,,,,,,,,,"3225","3226","FIRST_TX"
,,,,,,,,,,,,"3247","3248","FIRST_TX"
,,,,,,,,,,,,"3262","3263","FIRST_TX"
,,,,,,,,,,,,"3268","3269","FIRST_TX"
,,,,,,,,,,,,"3276","3277","FIRST_TX"
,,,,,,,,,,,,"3284","3285","FIRST_TX"
,,,,,,,,,,,,"3290","3291","FIRST_TX"
,,,,,,,,,,,,"3298","3299","FIRST_TX"
,,,,,,,,,,,,"3307","3308","FIRST_TX"
,,,,,,,,,,,,"3312","3313","FIRST_TX"
,,,,,,,,,,,,"3314","3315","FIRST_TX"
,,,,,,,,,,,,"3323","3324","FIRST_TX"
,,,,,,,,,,,,"3325","3326","FIRST_TX"
,,,,,,,,,,,,"3328","3329","FIRST_TX"
,,,,,,,,,,,,"3333","3334","FIRST_TX"
,,,,,,,,,,,,"3345","3346","FIRST_TX"
,,,,,,,,,,,,"3347","3348","FIRST_TX"
,,,,,,,,,,,,"3352","3353","FIRST_TX"
,,,,,,,,,,,,"3355","3356","FIRST_TX"
,,,,,,,,,,,,"3361","3362","FIRST_TX"
,,,,,,,,,,,,"3365","3366","FIRST_TX"
,,,,,,,,,,,,"3367","3368","FIRST_TX"
,,,,,,,,,,,,"3378","3379","FIRST_TX"
,,,,,,,,,,,,"3387","3388","FIRST_TX"
,,,,,,,,,,,,"3398","3399","FIRST_TX"
,,,,,,,,,,,,"3404","3405","FIRST_TX"
,,,,,,,,,,,,"3406","3407","FIRST_TX"
,,,,,,,,,,,,"3429","3430","FIRST_TX"
,,,,,,,,,,,,"3455","3456","FIRST_TX"
,,,,,,,,,,,,"3461","3462","FIRST_TX"
,,,,,,,,,,,,"3466","3467","FIRST_TX"
,,,,,,,,,,,,"3475","3476","FIRST_TX"
,,,,,,,,,,,,"3484","3485","FIRST_TX"
,,,,,,,,,,,,"3493","3494","FIRST_TX"
,,,,,,,,,,,,"3499","3500","FIRST_TX"
,,,,,,,,,,,,"3505","3506","FIRST_TX"
,,,,,,,,,,,,"3508","3509","FIRST_TX"
,,,,,,,,,,,,"3526","3527","FIRST_TX"
,,,,,,,,,,,,"3537","3538","FIRST_TX"
,,,,,,,,,,,,"3546","3547","FIRST_TX"
,,,,,,,,,,,,"3550","3551","FIRST_TX"
,,,,,,,,,,,,"3564","3565","FIRST_TX"
,,,,,,,,,,,,"3583","3584","FIRST_TX"
,,,,,,,,,,,,"3602","3603","FIRST_TX"
,,,,,,,,,,,,"3620","3621","FIRST_TX"
,,,,,,,,,,,,"3627","3628","FIRST_TX"
,,,,,,,,,,,,"3643","3644","FIRST_TX"
,,,,,,,,,,,,"3648","3649","FIRST_TX"
,,,,,,,,,,,,"3651","3652","FIRST_TX"
,,,,,,,,,,,,"3663","3664","FIRST_TX"
,,,,,,,,,,,,"3665","3666","FIRST_TX"
,,,,,,,,,,,,"3670","3671","FIRST_TX"
,,,,,,,,,,,,"3681","3682","FIRST_TX"
,,,,,,,,,,,,"3687","3688","FIRST_TX"
,,,,,,,,,,,,"3698","3699","FIRST_TX"
,,,,,,,,,,,,"3704","3705","FIRST_TX"
,,,,,,,,,,,,"3707","3708","FIRST_TX"
,,,,,,,,,,,,"3713","3714","FIRST_TX"
,,,,,,,,,,,,"3740","3741","FIRST_TX"
,,,,,,,,,,,,"3744","3745","FIRST_TX"
,,,,,,,,,,,,"3747","3748","FIRST_TX"
,,,,,,,,,,,,"3756","3757","FIRST_TX"
,,,,,,,,,,,,"3804","3805","FIRST_TX"
,,,,,,,,,,,,"3810","3811","FIRST_TX"
,,,,,,,,,,,,"3814","3815","FIRST_TX"
,,,,,,,,,,,,"3824","3825","FIRST_TX"
,,,,,,,,,,,,"3830","3831","FIRST_TX"
,,,,,,,,,,,,"3832","3833","FIRST_TX"
,,,,,,,,,,,,"3837","3838","FIRST_TX"
,,,,,,,,,,,,"3842","3843","FIRST_TX"
,,,,,,,,,,,,"3844","3845","FIRST_TX"
,,,,,,,,,,,,"3846","3847","FIRST_TX"
,,,,,,,,,,,,"3853","3854","FIRST_TX"
,,,,,,,,,,,,"3857","3858","FIRST_TX"
,,,,,,,,,,,,"3868","3869","FIRST_TX"
,,,,,,,,,,,,"3871","3872","FIRST_TX"
,,,,,,,,,,,,"3886","3887","FIRST_TX"
,,,,,,,,,,,,"3897","3898","FIRST_TX"
,,,,,,,,,,,,"3905","3906","FIRST_TX"
,,,,,,,,,,,,"3907","3908","FIRST_TX"
,,,,,,,,,,,,"3909","3910","FIRST_TX"
,,,,,,,,,,,,"3913","3914","FIRST_TX"
,,,,,,,,,,,,"3917","3918","FIRST_TX"
,,,,,,,,,,,,"3926","3927","FIRST_TX"
,,,,,,,,,,,,"3932","3933","FIRST_TX"
,,,,,,,,,,,,"3940","3941","FIRST_TX"
,,,,,,,,,,,,"3945","3946","FIRST_TX"
,,,,,,,,,,,,"3947","3948","FIRST_TX"
,,,,,,,,,,,,"3949","3950","FIRST_TX"
,,,,,,,,,,,,"3956","3957","FIRST_TX"
,,,,,,,,,,,,"3966","3967","FIRST_TX"
,,,,,,,,,,,,"3982","3983","FIRST_TX"
,,,,,,,,,,,,"3984","3985","FIRST_TX"
,,,,,,,,,,,,"3988","3989","FIRST_TX"
,,,,,,,,,,,,"3990","3991","FIRST_TX"
,,,,,,,,,,,,"3992","3993","FIRST_TX"
,,,,,,,,,,,,"3995","3996","FIRST_TX"
,,,,,,,,,,,,"4015","4016","FIRST_TX"
,,,,,,,,,,,,"4021","4022","FIRST_TX"
,,,,,,,,,,,,"4030","4031","FIRST_TX"
,,,,,,,,,,,,"4113","4114","FIRST_TX"
,,,,,,,,,,,,"4117","4118","FIRST_TX"
,,,,,,,,,,,,"4128","4129","FIRST_TX"
,,,,,,,,,,,,"4137","4138","FIRST_TX"
,,,,,,,,,,,,"4139","4140","FIRST_TX"
,,,,,,,,,,,,"4147","4148","FIRST_TX"
,,,,,,,,,,,,"4156","4157","FIRST_TX"
,,,,,,,,,,,,"4159","4160","FIRST_TX"
,,,,,,,,,,,,"4165","4166","FIRST_TX"
,,,,,,,,,,,,"4167","4168","FIRST_TX"
,,,,,,,,,,,,"4175","4176","FIRST_TX"
,,,,,,,,,,,,"4177","4178","FIRST_TX"
,,,,,,,,,,,,"4179","4180","FIRST_TX"
,,,,,,,,,,,,"4190","4191","FIRST_TX"
,,,,,,,,,,,,"4193","4194","FIRST_TX"
,,,,,,,,,,,,"4197","4198","FIRST_TX"
,,,,,,,,,,,,"4226","4227","FIRST_TX"
,,,,,,,,,,,,"4230","4231","FIRST_TX"
,,,,,,,,,,,,"4234","4235","FIRST_TX"
,,,,,,,,,,,,"4236","4237","FIRST_TX"
,,,,,,,,,,,,"4255","4256","FIRST_TX"
,,,,,,,,,,,,"4259","4260","FIRST_TX"
,,,,,,,,,,,,"4268","4269","FIRST_TX"
,,,,,,,,,,,,"4275","4276","FIRST_TX"
,,,,,,,,,,,,"4287","4288","FIRST_TX"
,,,,,,,,,,,,"4298","4299","FIRST_TX"
,,,,,,,,,,,,"4303","4304","FIRST_TX"
,,,,,,,,,,,,"4311","4312","FIRST_TX"
,,,,,,,,,,,,"4313","4314","FIRST_TX"
,,,,,,,,,,,,"4320","4321","FIRST_TX"
,,,,,,,,,,,,"4322","4323","FIRST_TX"
,,,,,,,,,,,,"4347","4348","FIRST_TX"
,,,,,,,,,,,,"4349","4350","FIRST_TX"
,,,,,,,,,,,,"4357","4358","FIRST_TX"
,,,,,,,,,,,,"4361","4362","FIRST_TX"
,,,,,,,,,,,,"4364","4365","FIRST_TX"
,,,,,,,,,,,,"4368","4369","FIRST_TX"
,,,,,,,,,,,,"4384","4385","FIRST_TX"
,,,,,,,,,,,,"4390","4391","FIRST_TX"
,,,,,,,,,,,,"4395","4396","FIRST_TX"
,,,,,,,,,,,,"4397","4398","FIRST_TX"
,,,,,,,,,,,,"4403","4404","FIRST_TX"
,,,,,,,,,,,,"4407","4408","FIRST_TX"
,,,,,,,,,,,,"4409","4410","FIRST_TX"
,,,,,,,,,,,,"4417","4418","FIRST_TX"
,,,,,,,,,,,,"4419","4420","FIRST_TX"
,,,,,,,,,,,,"4442","4443","FIRST_TX"
,,,,,,,,,,,,"4444","4445","FIRST_TX"
,,,,,,,,,,,,"4453","4454","FIRST_TX"
,,,,,,,,,,,,"4455","4456","FIRST_TX"
,,,,,,,,,,,,"4463","4464","FIRST_TX"
,,,,,,,,,,,,"4467","4468","FIRST_TX"
,,,,,,,,,,,,"4472","4473","FIRST_TX"
,,,,,,,,,,,,"4474","4475","FIRST_TX"
,,,,,,,,,,,,"4492","4493","FIRST_TX"
,,,,,,,,,,,,"4497","4498","FIRST_TX"
,,,,,,,,,,,,"4504","4505","FIRST_TX"
,,,,,,,,,,,,"4512","4513","FIRST_TX"
,,,,,,,,,,,,"4514","4515","FIRST_TX"
,,,,,,,,,,,,"4518","4519","FIRST_TX"
,,,,,,,,,,,,"4520","4521","FIRST_TX"
,,,,,,,,,,,,"4525","4526","FIRST_TX"
,,,,,,,,,,,,"4527","4528","FIRST_TX"
,,,,,,,,,,,,"4532","4533","FIRST_TX"
,,,,,,,,,,,,"4534","4535","FIRST_TX"
,,,,,,,,,,,,"4536","4537","FIRST_TX"
,,,,,,,,,,,,"4538","4539","FIRST_TX"
,,,,,,,,,,,,"4540","4541","FIRST_TX"
,,,,,,,,,,,,"4544","4545","FIRST_TX"
,,,,,,,,,,,,"4548","4549","FIRST_TX"
,,,,,,,,,,,,"4551","4552","FIRST_TX"
,,,,,,,,,,,,"4554","4555","FIRST_TX"
,,,,,,,,,,,,"4556","4557","FIRST_TX"
,,,,,,,,,,,,"4560","4561","FIRST_TX"
,,,,,,,,,,,,"4565","4566","FIRST_TX"
,,,,,,,,,,,,"4568","4569","FIRST_TX"
,,,,,,,,,,,,"4571","4572","FIRST_TX"
,,,,,,,,,,,,"4573","4574","FIRST_TX"
,,,,,,,,,,,,"4577","4578","FIRST_TX"
,,,,,,,,,,,,"4582","4583","FIRST_TX"
,,,,,,,,,,,,"4586","4587","FIRST_TX"
,,,,,,,,,,,,"4588","4589","FIRST_TX"
,,,,,,,,,,,,"4611","4612","FIRST_TX"
,,,,,,,,,,,,"4621","4622","FIRST_TX"
,,,,,,,,,,,,"4623","4624","FIRST_TX"
,,,,,,,,,,,,"4634","4635","FIRST_TX"
,,,,,,,,,,,,"4638","4639","FIRST_TX"
,,,,,,,,,,,,"4642","4643","FIRST_TX"
,,,,,,,,,,,,"4646","4647","FIRST_TX"
,,,,,,,,,,,,"4653","4654","FIRST_TX"
,,,,,,,,,,,,"4657","4658","FIRST_TX"
,,,,,,,,,,,,"4659","4660","FIRST_TX"
,,,,,,,,,,,,"4664","4665","FIRST_TX"
,,,,,,,,,,,,"4668","4669","FIRST_TX"
,,,,,,,,,,,,"4674","4675","FIRST_TX"
,,,,,,,,,,,,"4692","4693","FIRST_TX"
,,,,,,,,,,,,"4708","4709","FIRST_TX"
,,,,,,,,,,,,"4721","4722","FIRST_TX"
,,,,,,,,,,,,"4724","4725","FIRST_TX"
,,,,,,,,,,,,"4737","4738","FIRST_TX"
,,,,,,,,,,,,"4739","4740","FIRST_TX"
,,,,,,,,,,,,"4741","4742","FIRST_TX"
,,,,,,,,,,,,"4744","4745","FIRST_TX"
,,,,,,,,,,,,"4748","4749","FIRST_TX"
,,,,,,,,,,,,"4755","4756","FIRST_TX"
,,,,,,,,,,,,"4757","4758","FIRST_TX"
,,,,,,,,,,,,"4769","4770","FIRST_TX"
,,,,,,,,,,,,"4772","4773","FIRST_TX"
,,,,,,,,,,,,"4786","4787","FIRST_TX"
,,,,,,,,,,,,"4799","4800","FIRST_TX"
,,,,,,,,,,,,"4812","4813","FIRST_TX"
,,,,,,,,,,,,"4816","4817","FIRST_TX"
,,,,,,,,,,,,"4826","4827","FIRST_TX"
,,,,,,,,,,,,"4828","4829","FIRST_TX"
,,,,,,,,,,,,"4830","4831","FIRST_TX"
,,,,,,,,,,,,"4856","4857","FIRST_TX"
,,,,,,,,,,,,"4862","4863","FIRST_TX"
,,,,,,,,,,,,"4870","4871","FIRST_TX"
,,,,,,,,,,,,"4874","4875","FIRST_TX"
,,,,,,,,,,,,"4879","4880","FIRST_TX"
,,,,,,,,,,,,"4881","4882","FIRST_TX"
,,,,,,,,,,,,"4896","4897","FIRST_TX"
,,,,,,,,,,,,"4899","4900","FIRST_TX"
,,,,,,,,,,,,"4902","4903","FIRST_TX"
,,,,,,,,,,,,"4910","4911","FIRST_TX"
,,,,,,,,,,,,"4914","4915","FIRST_TX"
,,,,,,,,,,,,"4922","4923","FIRST_TX"
,,,,,,,,,,,,"4925","4926","FIRST_TX"
,,,,,,,,,,,,"4938","4939","FIRST_TX"
,,,,,,,,,,,,"4949","4950","FIRST_TX"
,,,,,,,,,,,,"4951","4952","FIRST_TX"
,,,,,,,,,,,,"4957","4958","FIRST_TX"
,,,,,,,,,,,,"4969","4970","FIRST_TX"
,,,,,,,,,,,,"4971","4972","FIRST_TX"
,,,,,,,,,,,,"4974","4975","FIRST_TX"
,,,,,,,,,,,,"4993","4994","FIRST_TX"
,,,,,,,,,,,,"4996","4997","FIRST_TX"
,,,,,,,,,,,,"4999","5000","FIRST_TX"
,,,,,,,,,,,,"5001","5002","FIRST_TX"
,,,,,,,,,,,,"5004","5005","FIRST_TX"
,,,,,,,,,,,,"5010","5011","FIRST_TX"
,,,,,,,,,,,,"5019","5020","FIRST_TX"
,,,,,,,,,,,,"5039","5040","FIRST_TX"
,,,,,,,,,,,,"5041","5042","FIRST_TX"
,,,,,,,,,,,,"5044","5045","FIRST_TX"
,,,,,,,,,,,,"5051","5052","FIRST_TX"
,,,,,,,,,,,,"5053","5054","FIRST_TX"
,,,,,,,,,,,,"5055","5056","FIRST_TX"
,,,,,,,,,,,,"5074","5075","FIRST_TX"
,,,,,,,,,,,,"5076","5077","FIRST_TX"
,,,,,,,,,,,,"5084","5085","FIRST_TX"
,,,,,,,,,,,,"5086","5087","FIRST_TX"
,,,,,,,,,,,,"5088","5089","FIRST_TX"
,,,,,,,,,,,,"5091","5092","FIRST_TX"
,,,,,,,,,,,,"5095","5096","FIRST_TX"
,,,,,,,,,,,,"5102","5103","FIRST_TX"
,,,,,,,,,,,,"5112","5113","FIRST_TX"
,,,,,,,,,,,,"5115","5116","FIRST_TX"
,,,,,,,,,,,,"5125","5126","FIRST_TX"
,,,,,,,,,,,,"5127","5128","FIRST_TX"
,,,,,,,,,,,,"5141","5142","FIRST_TX"
,,,,,,,,,,,,"5143","5144","FIRST_TX"
,,,,,,,,,,,,"5164","5165","FIRST_TX"
,,,,,,,,,,,,"5176","5177","FIRST_TX"
,,,,,,,,,,,,"5183","5184","FIRST_TX"
,,,,,,,,,,,,"5196","5197","FIRST_TX"
,,,,,,,,,,,,"5205","5206","FIRST_TX"
,,,,,,,,,,,,"5219","5220","FIRST_TX"
,,,,,,,,,,,,"5232","5233","FIRST_TX"
,,,,,,,,,,,,"5234","5235","FIRST_TX"
,,,,,,,,,,,,"5238","5239","FIRST_TX"
,,,,,,,,,,,,"5249","5250","FIRST_TX"
,,,,,,,,,,,,"5260","5261","FIRST_TX"
,,,,,,,,,,,,"5268","5269","FIRST_TX"
,,,,,,,,,,,,"5289","5290","FIRST_TX"
,,,,,,,,,,,,"5291","5292","FIRST_TX"
,,,,,,,,,,,,"5293","5294","FIRST_TX"
,,,,,,,,,,,,"5300","5301","FIRST_TX"
,,,,,,,,,,,,"5311","5312","FIRST_TX"
,,,,,,,,,,,,"5313","5314","FIRST_TX"
,,,,,,,,,,,,"5317","5318","FIRST_TX"
,,,,,,,,,,,,"5324","5325","FIRST_TX"
,,,,,,,,,,,,"5329","5330","FIRST_TX"
,,,,,,,,,,,,"5331","5332","FIRST_TX"
,,,,,,,,,,,,"5348","5349","FIRST_TX"
,,,,,,,,,,,,"5355","5356","FIRST_TX"
,,,,,,,,,,,,"5364","5365","FIRST_TX"
,,,,,,,,,,,,"5372","5373","FIRST_TX"
,,,,,,,,,,,,"5374","5375","FIRST_TX"
,,,,,,,,,,,,"5395","5396","FIRST_TX"
,,,,,,,,,,,,"5402","5403","FIRST_TX"
,,,,,,,,,,,,"5410","5411","FIRST_TX"
,,,,,,,,,,,,"5412","5413","FIRST_TX"
,,,,,,,,,,,,"5430","5431","FIRST_TX"
,,,,,,,,,,,,"5459","5460","FIRST_TX"
,,,,,,,,,,,,"5465","5466","FIRST_TX"
,,,,,,,,,,,,"5467","5468","FIRST_TX"
,,,,,,,,,,,,"5481","5482","FIRST_TX"
,,,,,,,,,,,,"5489","5490","FIRST_TX"
,,,,,,,,,,,,"5498","5499","FIRST_TX"
,,,,,,,,,,,,"5502","5503","FIRST_TX"
,,,,,,,,,,,,"5505","5506","FIRST_TX"
,,,,,,,,,,,,"5509","5510","FIRST_TX"
,,,,,,,,,,,,"5512","5513","FIRST_TX"
,,,,,,,,,,,,"5514","5515","FIRST_TX"
,,,,,,,,,,,,"5538","5539","FIRST_TX"
,,,,,,,,,,,,"5542","5543","FIRST_TX"
,,,,,,,,,,,,"5545","5546","FIRST_TX"
,,,,,,,,,,,,"5558","5559","FIRST_TX"
,,,,,,,,,,,,"5568","5569","FIRST_TX"
,,,,,,,,,,,,"5576","5577","FIRST_TX"
,,,,,,,,,,,,"5578","5579","FIRST_TX"
,,,,,,,,,,,,"5588","5589","FIRST_TX"
,,,,,,,,,,,,"5611","5612","FIRST_TX"
,,,,,,,,,,,,"5613","5614","FIRST_TX"
,,,,,,,,,,,,"5615","5616","FIRST_TX"
,,,,,,,,,,,,"5627","5628","FIRST_TX"
,,,,,,,,,,,,"5630","5631","FIRST_TX"
,,,,,,,,,,,,"5638","5639","FIRST_TX"
,,,,,,,,,,,,"5643","5644","FIRST_TX"
,,,,,,,,,,,,"5647","5648","FIRST_TX"
,,,,,,,,,,,,"5657","5658","FIRST_TX"
,,,,,,,,,,,,"5665","5666","FIRST_TX"
,,,,,,,,,,,,"5667","5668","FIRST_TX"
,,,,,,,,,,,,"5671","5672","FIRST_TX"
,,,,,,,,,,,,"5677","5678","FIRST_TX"
,,,,,,,,,,,,"5679","5680","FIRST_TX"
,,,,,,,,,,,,"5681","5682","FIRST_TX"
,,,,,,,,,,,,"5683","5684","FIRST_TX"
,,,,,,,,,,,,"5687","5688","FIRST_TX"
,,,,,,,,,,,,"5697","5698","FIRST_TX"
,,,,,,,,,,,,"5713","5714","FIRST_TX"
,,,,,,,,,,,,"5715","5716","FIRST_TX"
,,,,,,,,,,,,"5722","5723","FIRST_TX"
,,,,,,,,,,,,"5724","5725","FIRST_TX"
,,,,,,,,,,,,"5749","5750","FIRST_TX"
,,,,,,,,,,,,"5763","5764","FIRST_TX"
,,,,,,,,,,,,"5767","5768","FIRST_TX"
,,,,,,,,,,,,"5773","5774","FIRST_TX"
,,,,,,,,,,,,"5775","5776","FIRST_TX"
,,,,,,,,,,,,"5777","5778","FIRST_TX"
,,,,,,,,,,,,"5786","5787","FIRST_TX"
,,,,,,,,,,,,"5788","5789","FIRST_TX"
,,,,,,,,,,,,"5796","5798","FIRST_TX"
,,,,,,,,,,,,"5820","5821","FIRST_TX"
,,,,,,,,,,,,"5822","5823","FIRST_TX"
,,,,,,,,,,,,"5832","5833","FIRST_TX"
,,,,,,,,,,,,"5855","5856","FIRST_TX"
,,,,,,,,,,,,"5857","5858","FIRST_TX"
,,,,,,,,,,,,"5863","5864","FIRST_TX"
,,,,,,,,,,,,"5865","5866","FIRST_TX"
,,,,,,,,,,,,"5868","5869","FIRST_TX"
,,,,,,,,,,,,"5878","5879","FIRST_TX"
,,,,,,,,,,,,"5880","5881","FIRST_TX"
,,,,,,,,,,,,"5890","5891","FIRST_TX"
,,,,,,,,,,,,"5892","5893","FIRST_TX"
,,,,,,,,,,,,"5897","5898","FIRST_TX"
,,,,,,,,,,,,"5899","5900","FIRST_TX"
,,,,,,,,,,,,"5911","5912","FIRST_TX"
,,,,,,,,,,,,"5913","5914","FIRST_TX"
,,,,,,,,,,,,"5928","5929","FIRST_TX"
,,,,,,,,,,,,"5931","5932","FIRST_TX"
,,,,,,,,,,,,"5933","5934","FIRST_TX"
,,,,,,,,,,,,"5955","5956","FIRST_TX"
,,,,,,,,,,,,"5957","5958","FIRST_TX"
,,,,,,,,,,,,"5959","5960","FIRST_TX"
,,,,,,,,,,,,"5973","5974","FIRST_TX"
,,,,,,,,,,,,"5988","5989","FIRST_TX"
,,,,,,,,,,,,"5998","5999","FIRST_TX"
,,,,,,,,,,,,"6001","6002","FIRST_TX"
,,,,,,,,,,,,"6003","6004","FIRST_TX"
,,,,,,,,,,,,"6009","6010","FIRST_TX"
,,,,,,,,,,,,"6031","6032","FIRST_TX"
,,,,,,,,,,,,"6036","6037","FIRST_TX"
,,,,,,,,,,,,"6038","6039","FIRST_TX"
,,,,,,,,,,,,"6044","6045","FIRST_TX"
,,,,,,,,,,,,"6048","6049","FIRST_TX"
,,,,,,,,,,,,"6052","6053","FIRST_TX"
,,,,,,,,,,,,"6055","6056","FIRST_TX"
,,,,,,,,,,,,"6057","6058","FIRST_TX"
,,,,,,,,,,,,"6077","6078","FIRST_TX"
,,,,,,,,,,,,"6079","6080","FIRST_TX"
,,,,,,,,,,,,"6085","6086","FIRST_TX"
,,,,,,,,,,,,"6105","6106","FIRST_TX"
,,,,,,,,,,,,"6107","6108","FIRST_TX"
,,,,,,,,,,,,"6110","6111","FIRST_TX"
,,,,,,,,,,,,"6126","6127","FIRST_TX"
,,,,,,,,,,,,"6144","6145","FIRST_TX"
,,,,,,,,,,,,"6148","6149","FIRST_TX"
,,,,,,,,,,,,"6153","6154","FIRST_TX"
,,,,,,,,,,,,"6157","6158","FIRST_TX"
,,,,,,,,,,,,"6171","6172","FIRST_TX"
,,,,,,,,,,,,"6184","6185","FIRST_TX"
,,,,,,,,,,,,"6193","6194","FIRST_TX"
,,,,,,,,,,,,"6211","6212","FIRST_TX"
,,,,,,,,,,,,"6224","6225","FIRST_TX"
,,,,,,,,,,,,"6240","6241","FIRST_TX"
,,,,,,,,,,,,"6248","6249","FIRST_TX"
,,,,,,,,,,,,"6251","6252","FIRST_TX"
,,,,,,,,,,,,"6254","6255","FIRST_TX"
,,,,,,,,,,,,"6262","6263","FIRST_TX"
,,,,,,,,,,,,"6265","6266","FIRST_TX"
,,,,,,,,,,,,"6269","6270","FIRST_TX"
,,,,,,,,,,,,"6271","6272","FIRST_TX"
,,,,,,,,,,,,"6277","6278","FIRST_TX"
,,,,,,,,,,,,"6296","6297","FIRST_TX"
,,,,,,,,,,,,"6300","6301","FIRST_TX"
,,,,,,,,,,,,"6303","6304","FIRST_TX"
,,,,,,,,,,,,"6319","6320","FIRST_TX"
,,,,,,,,,,,,"6321","6322","FIRST_TX"
,,,,,,,,,,,,"6324","6325","FIRST_TX"
,,,,,,,,,,,,"6333","6334","FIRST_TX"
,,,,,,,,,,,,"6344","6345","FIRST_TX"
,,,,,,,,,,,,"6349","6350","FIRST_TX"
,,,,,,,,,,,,"6353","6354","FIRST_TX"
,,,,,,,,,,,,"6360","6361","FIRST_TX"
,,,,,,,,,,,,"6363","6364","FIRST_TX"
,,,,,,,,,,,,"6365","6366","FIRST_TX"
,,,,,,,,,,,,"6367","6368","FIRST_TX"
,,,,,,,,,,,,"6374","6375","FIRST_TX"
,,,,,,,,,,,,"6382","6383","FIRST_TX"
,,,,,,,,,,,,"6385","6386","FIRST_TX"
,,,,,,,,,,,,"6397","6398","FIRST_TX"
,,,,,,,,,,,,"6399","6400","FIRST_TX"
,,,,,,,,,,,,"6404","6405","FIRST_TX"
,,,,,,,,,,,,"6413","6414","FIRST_TX"
,,,,,,,,,,,,"6415","6416","FIRST_TX"
,,,,,,,,,,,,"6473","6474","FIRST_TX"
,,,,,,,,,,,,"6475","6476","FIRST_TX"
,,,,,,,,,,,,"6486","6487","FIRST_TX"
,,,,,,,,,,,,"6492","6493","FIRST_TX"
,,,,,,,,,,,,"6499","6500","FIRST_TX"
,,,,,,,,,,,,"6501","6502","FIRST_TX"
,,,,,,,,,,,,"6503","6504","FIRST_TX"
,,,,,,,,,,,,"6509","6510","FIRST_TX"
,,,,,,,,,,,,"6512","6513","FIRST_TX"
,,,,,,,,,,,,"6517","6518","FIRST_TX"
,,,,,,,,,,,,"6568","6569","FIRST_TX"
,,,,,,,,,,,,"6695","6696","FIRST_TX"
,,,,,,,,,,,,"6703","6704","FIRST_TX"
,,,,,,,,,,,,"6737","6738","FIRST_TX"
,,,,,,,,,,,,"6772","6773","FIRST_TX"
,,,,,,,,,,,,"6782","6783","FIRST_TX"
,,,,,,,,,,,,"6785","6786","FIRST_TX"
,,,,,,,,,,,,"6844","6845","FIRST_TX"
,,,,,,,,,,,,"6877","6878","FIRST_TX"
,,,,,,,,,,,,"6891","6892","FIRST_TX"
,,,,,,,,,,,,"6894","6895","FIRST_TX"
,,,,,,,,,,,,"6912","6913","FIRST_TX"
,,,,,,,,,,,,"6923","6924","FIRST_TX"
,,,,,,,,,,,,"6962","6963","FIRST_TX"
,,,,,,,,,,,,"7013","7014","FIRST_TX"
,,,,,,,,,,,,"7034","7035","FIRST_TX"
,,,,,,,,,,,,"7037","7038","FIRST_TX"
,,,,,,,,,,,,"7053","7054","FIRST_TX"
,,,,,,,,,,,,"7055","7056","FIRST_TX"
,,,,,,,,,,,,"7073","7074","FIRST_TX"
,,,,,,,,,,,,"7076","7077","FIRST_TX"
,,,,,,,,,,,,"7129","7130","FIRST_TX"
,,,,,,,,,,,,"7141","7142","FIRST_TX"
,,,,,,,,,,,,"7182","7183","FIRST_TX"
,,,,,,,,,,,,"7196","7197","FIRST_TX"
,,,,,,,,,,,,"7201","7202","FIRST_TX"
,,,,,,,,,,,,"7215","7216","FIRST_TX"
,,,,,,,,,,,,"7217","7218","FIRST_TX"
,,,,,,,,,,,,"7219","7220","FIRST_TX"
,,,,,,,,,,,,"7264","7265","FIRST_TX"
,,,,,,,,,,,,"7294","7295","FIRST_TX"
,,,,,,,,,,,,"7328","7329","FIRST_TX"
,,,,,,,,,,,,"7333","7334","FIRST_TX"
,,,,,,,,,,,,"7336","7337","FIRST_TX"
,,,,,,,,,,,,"7363","7364","FIRST_TX"
,,,,,,,,,,,,"7462","7463","FIRST_TX"
,,,,,,,,,,,,"7485","7486","FIRST_TX"
,,,,,,,,,,,,"7518","7519","FIRST_TX"
,,,,,,,,,,,,"7524","7525","FIRST_TX"
,,,,,,,,,,,,"7540","7541","FIRST_TX"
,,,,,,,,,,,,"7555","7556","FIRST_TX"
,,,,,,,,,,,,"7564","7565","FIRST_TX"
,,,,,,,,,,,,"7582","7583","FIRST_TX"
,,,,,,,,,,,,"7585","7586","FIRST_TX"
,,,,,,,,,,,,"7594","7595","FIRST_TX"
,,,,,,,,,,,,"7626","7627","FIRST_TX"
,,,,,,,,,,,,"7638","7639","FIRST_TX"
,,,,,,,,,,,,"7663","7664","FIRST_TX"
,,,,,,,,,,,,"7697","7698","FIRST_TX"
,,,,,,,,,,,,"7749","7750","FIRST_TX"
,,,,,,,,,,,,"7755","7756","FIRST_TX"
,,,,,,,,,,,,"7761","7762","FIRST_TX"
,,,,,,,,,,,,"7777","7778","FIRST_TX"
,,,,,,,,,,,,"7781","7782","FIRST_TX"
,,,,,,,,,,,,"7835","7836","FIRST_TX"
,,,,,,,,,,,,"7874","7875","FIRST_TX"
,,,,,,,,,,,,"7881","7882","FIRST_TX"
,,,,,,,,,,,,"7900","7901","FIRST_TX"
,,,,,,,,,,,,"5908","7914","FIRST_TX"
,,,,,,,,,,,,"7953","7954","FIRST_TX"
,,,,,,,,,,,,"7956","7957","FIRST_TX"
,,,,,,,,,,,,"7971","7972","FIRST_TX"
,,,,,,,,,,,,"7990","7991","FIRST_TX"
,,,,,,,,,,,,"8015","8016","FIRST_TX"
,,,,,,,,,,,,"8022","8023","FIRST_TX"
,,,,,,,,,,,,"8032","8033","FIRST_TX"
,,,,,,,,,,,,"8043","8044","FIRST_TX"
,,,,,,,,,,,,"8072","8073","FIRST_TX"
,,,,,,,,,,,,"8090","8091","FIRST_TX"
,,,,,,,,,,,,"8093","8094","FIRST_TX"
,,,,,,,,,,,,"8104","8105","FIRST_TX"
,,,,,,,,,,,,"8113","8114","FIRST_TX"
,,,,,,,,,,,,"8152","8153","FIRST_TX"
,,,,,,,,,,,,"8205","8206","FIRST_TX"
,,,,,,,,,,,,"8213","8214","FIRST_TX"
,,,,,,,,,,,,"8221","8222","FIRST_TX"
,,,,,,,,,,,,"8225","8226","FIRST_TX"
,,,,,,,,,,,,"8254","8255","FIRST_TX"
,,,,,,,,,,,,"8282","8283","FIRST_TX"
,,,,,,,,,,,,"8307","8308","FIRST_TX"
,,,,,,,,,,,,"8335","8336","FIRST_TX"
,,,,,,,,,,,,"8347","8348","FIRST_TX"
,,,,,,,,,,,,"8353","8354","FIRST_TX"
,,,,,,,,,,,,"8404","8405","FIRST_TX"
,,,,,,,,,,,,"8415","8416","FIRST_TX"
,,,,,,,,,,,,"8419","8420","FIRST_TX"
,,,,,,,,,,,,"8421","8422","FIRST_TX"
,,,,,,,,,,,,"8424","8425","FIRST_TX"
,,,,,,,,,,,,"8438","8439","FIRST_TX"
,,,,,,,,,,,,"8466","8467","FIRST_TX"
,,,,,,,,,,,,"8476","8477","FIRST_TX"
,,,,,,,,,,,,"8485","8486","FIRST_TX"
,,,,,,,,,,,,"8509","8510","FIRST_TX"
,,,,,,,,,,,,"8513","8514","FIRST_TX"
,,,,,,,,,,,,"8515","8516","FIRST_TX"
,,,,,,,,,,,,"8519","8520","FIRST_TX"
,,,,,,,,,,,,"8547","8548","FIRST_TX"
,,,,,,,,,,,,"8561","8562","FIRST_TX"
,,,,,,,,,,,,"8582","8583","FIRST_TX"
,,,,,,,,,,,,"8588","8589","FIRST_TX"
,,,,,,,,,,,,"8623","8624","FIRST_TX"
,,,,,,,,,,,,"8625","8626","FIRST_TX"
,,,,,,,,,,,,"8635","8636","FIRST_TX"
,,,,,,,,,,,,"8653","8654","FIRST_TX"
,,,,,,,,,,,,"8657","8658","FIRST_TX"
,,,,,,,,,,,,"8693","8694","FIRST_TX"
,,,,,,,,,,,,"8707","8708","FIRST_TX"
,,,,,,,,,,,,"8755","8756","FIRST_TX"
,,,,,,,,,,,,"8766","8767","FIRST_TX"
,,,,,,,,,,,,"8797","8798","FIRST_TX"
,,,,,,,,,,,,"8817","8818","FIRST_TX"
,,,,,,,,,,,,"8824","8825","FIRST_TX"
,,,,,,,,,,,,"8826","8827","FIRST_TX"
,,,,,,,,,,,,"8864","8865","FIRST_TX"
,,,,,,,,,,,,"8904","8905","FIRST_TX"
,,,,,,,,,,,,"8931","8932","FIRST_TX"
,,,,,,,,,,,,"8988","8989","FIRST_TX"
,,,,,,,,,,,,"8995","8996","FIRST_TX"
,,,,,,,,,,,,"9044","9045","FIRST_TX"
,,,,,,,,,,,,"9053","9054","FIRST_TX"
,,,,,,,,,,,,"7102","10494","FIRST_TX"
,,,,,,,,,,,,"8649","25124","FIRST_TX"
,,,,,,,,,,,,"9063","9064","FIRST_TX"
,,,,,,,,,,,,"9068","9069","FIRST_TX"
,,,,,,,,,,,,"9070","9071","FIRST_TX"
,,,,,,,,,,,,"9119","9120","FIRST_TX"
,,,,,,,,,,,,"9138","9139","FIRST_TX"
,,,,,,,,,,,,"9143","9144","FIRST_TX"
,,,,,,,,,,,,"9156","9157","FIRST_TX"
,,,,,,,,,,,,"9190","9191","FIRST_TX"
,,,,,,,,,,,,"9225","9226","FIRST_TX"
,,,,,,,,,,,,"9228","9229","FIRST_TX"
,,,,,,,,,,,,"9254","9255","FIRST_TX"
,,,,,,,,,,,,"9257","9258","FIRST_TX"
,,,,,,,,,,,,"9259","9260","FIRST_TX"
,,,,,,,,,,,,"9263","9264","FIRST_TX"
,,,,,,,,,,,,"9266","9267","FIRST_TX"
,,,,,,,,,,,,"9268","9269","FIRST_TX"
,,,,,,,,,,,,"9290","9291","FIRST_TX"
,,,,,,,,,,,,"9307","9308","FIRST_TX"
,,,,,,,,,,,,"9321","9322","FIRST_TX"
,,,,,,,,,,,,"9326","9327","FIRST_TX"
,,,,,,,,,,,,"9345","9346","FIRST_TX"
,,,,,,,,,,,,"9403","9404","FIRST_TX"
,,,,,,,,,,,,"9410","9411","FIRST_TX"
,,,,,,,,,,,,"9429","9430","FIRST_TX"
,,,,,,,,,,,,"9436","9437","FIRST_TX"
,,,,,,,,,,,,"9466","9467","FIRST_TX"
,,,,,,,,,,,,"9489","9490","FIRST_TX"
,,,,,,,,,,,,"9491","9492","FIRST_TX"
,,,,,,,,,,,,"9501","9502","FIRST_TX"
,,,,,,,,,,,,"9514","9515","FIRST_TX"
,,,,,,,,,,,,"9529","9530","FIRST_TX"
,,,,,,,,,,,,"9542","9543","FIRST_TX"
,,,,,,,,,,,,"9548","9549","FIRST_TX"
,,,,,,,,,,,,"9580","9581","FIRST_TX"
,,,,,,,,,,,,"9590","9591","FIRST_TX"
,,,,,,,,,,,,"9596","9597","FIRST_TX"
,,,,,,,,,,,,"9640","9641","FIRST_TX"
,,,,,,,,,,,,"9655","9656","FIRST_TX"
,,,,,,,,,,,,"9662","9663","FIRST_TX"
,,,,,,,,,,,,"9664","9665","FIRST_TX"
,,,,,,,,,,,,"9667","9668","FIRST_TX"
,,,,,,,,,,,,"9669","9670","FIRST_TX"
,,,,,,,,,,,,"9708","9709","FIRST_TX"
,,,,,,,,,,,,"9746","9747","FIRST_TX"
,,,,,,,,,,,,"9750","9751","FIRST_TX"
,,,,,,,,,,,,"9752","9753","FIRST_TX"
,,,,,,,,,,,,"9778","9779","FIRST_TX"
,,,,,,,,,,,,"9786","9787","FIRST_TX"
,,,,,,,,,,,,"9869","9870","FIRST_TX"
,,,,,,,,,,,,"9899","9900","FIRST_TX"
,,,,,,,,,,,,"9943","9944","FIRST_TX"
,,,,,,,,,,,,"9967","9968","FIRST_TX"
,,,,,,,,,,,,"9970","9971","FIRST_TX"
,,,,,,,,,,,,"10006","10007","FIRST_TX"
,,,,,,,,,,,,"10011","10012","FIRST_TX"
,,,,,,,,,,,,"10015","10016","FIRST_TX"
,,,,,,,,,,,,"10084","10085","FIRST_TX"
,,,,,,,,,,,,"10102","10103","FIRST_TX"
,,,,,,,,,,,,"10128","10129","FIRST_TX"
,,,,,,,,,,,,"10140","10141","FIRST_TX"
,,,,,,,,,,,,"10196","10197","FIRST_TX"
,,,,,,,,,,,,"10205","10206","FIRST_TX"
,,,,,,,,,,,,"10208","10209","FIRST_TX"
,,,,,,,,,,,,"10261","10262","FIRST_TX"
,,,,,,,,,,,,"10265","10266","FIRST_TX"
,,,,,,,,,,,,"10270","10271","FIRST_TX"
,,,,,,,,,,,,"10273","10274","FIRST_TX"
,,,,,,,,,,,,"10283","10284","FIRST_TX"
,,,,,,,,,,,,"10286","10287","FIRST_TX"
,,,,,,,,,,,,"10314","10315","FIRST_TX"
,,,,,,,,,,,,"10324","10325","FIRST_TX"
,,,,,,,,,,,,"10326","10327","FIRST_TX"
,,,,,,,,,,,,"10345","10346","FIRST_TX"
,,,,,,,,,,,,"10405","10406","FIRST_TX"
,,,,,,,,,,,,"10466","10467","FIRST_TX"
,,,,,,,,,,,,"10472","10473","FIRST_TX"
,,,,,,,,,,,,"10496","10497","FIRST_TX"
,,,,,,,,,,,,"10507","10508","FIRST_TX"
,,,,,,,,,,,,"10509","10510","FIRST_TX"
,,,,,,,,,,,,"10518","10519","FIRST_TX"
,,,,,,,,,,,,"10522","10523","FIRST_TX"
,,,,,,,,,,,,"10536","10537","FIRST_TX"
,,,,,,,,,,,,"10554","10555","FIRST_TX"
,,,,,,,,,,,,"10558","10559","FIRST_TX"
,,,,,,,,,,,,"10560","10561","FIRST_TX"
,,,,,,,,,,,,"10574","10575","FIRST_TX"
,,,,,,,,,,,,"10607","10608","FIRST_TX"
,,,,,,,,,,,,"10611","10612","FIRST_TX"
,,,,,,,,,,,,"10613","10614","FIRST_TX"
,,,,,,,,,,,,"10641","10642","FIRST_TX"
,,,,,,,,,,,,"10664","10665","FIRST_TX"
,,,,,,,,,,,,"10721","10722","FIRST_TX"
,,,,,,,,,,,,"10723","10724","FIRST_TX"
,,,,,,,,,,,,"10725","10726","FIRST_TX"
,,,,,,,,,,,,"10737","10738","FIRST_TX"
,,,,,,,,,,,,"10760","10761","FIRST_TX"
,,,,,,,,,,,,"10764","10765","FIRST_TX"
,,,,,,,,,,,,"10864","10865","FIRST_TX"
,,,,,,,,,,,,"10866","10867","FIRST_TX"
,,,,,,,,,,,,"10871","10872","FIRST_TX"
,,,,,,,,,,,,"10941","10942","FIRST_TX"
,,,,,,,,,,,,"10967","10968","FIRST_TX"
,,,,,,,,,,,,"10987","10988","FIRST_TX"
,,,,,,,,,,,,"10992","10993","FIRST_TX"
,,,,,,,,,,,,"11005","11006","FIRST_TX"
,,,,,,,,,,,,"11073","11074","FIRST_TX"
,,,,,,,,,,,,"11083","11084","FIRST_TX"
,,,,,,,,,,,,"11090","11091","FIRST_TX"
,,,,,,,,,,,,"11112","11113","FIRST_TX"
,,,,,,,,,,,,"11125","11126","FIRST_TX"
,,,,,,,,,,,,"11136","11137","FIRST_TX"
,,,,,,,,,,,,"11153","11154","FIRST_TX"
,,,,,,,,,,,,"11157","11158","FIRST_TX"
,,,,,,,,,,,,"11159","11160","FIRST_TX"
,,,,,,,,,,,,"11177","11178","FIRST_TX"
,,,,,,,,,,,,"11273","11274","FIRST_TX"
,,,,,,,,,,,,"11336","11337","FIRST_TX"
,,,,,,,,,,,,"11357","11358","FIRST_TX"
,,,,,,,,,,,,"11362","11363","FIRST_TX"
,,,,,,,,,,,,"11370","11371","FIRST_TX"
,,,,,,,,,,,,"11373","11374","FIRST_TX"
,,,,,,,,,,,,"11384","11385","FIRST_TX"
,,,,,,,,,,,,"11438","11439","FIRST_TX"
,,,,,,,,,,,,"11527","11528","FIRST_TX"
,,,,,,,,,,,,"11546","11547","FIRST_TX"
,,,,,,,,,,,,"11562","11563","FIRST_TX"
,,,,,,,,,,,,"11622","11623","FIRST_TX"
,,,,,,,,,,,,"11649","11650","FIRST_TX"
,,,,,,,,,,,,"11692","11693","FIRST_TX"
,,,,,,,,,,,,"11705","11707","FIRST_TX"
,,,,,,,,,,,,"11715","11716","FIRST_TX"
,,,,,,,,,,,,"11733","11734","FIRST_TX"
,,,,,,,,,,,,"11788","11789","FIRST_TX"
,,,,,,,,,,,,"11804","11805","FIRST_TX"
,,,,,,,,,,,,"11860","11861","FIRST_TX"
,,,,,,,,,,,,"11862","11863","FIRST_TX"
,,,,,,,,,,,,"11886","11887","FIRST_TX"
,,,,,,,,,,,,"11925","11926","FIRST_TX"
,,,,,,,,,,,,"11960","11961","FIRST_TX"
,,,,,,,,,,,,"12009","12010","FIRST_TX"
,,,,,,,,,,,,"12011","12012","FIRST_TX"
,,,,,,,,,,,,"12036","12037","FIRST_TX"
,,,,,,,,,,,,"12073","12074","FIRST_TX"
,,,,,,,,,,,,"12085","12086","FIRST_TX"
,,,,,,,,,,,,"12095","12096","FIRST_TX"
,,,,,,,,,,,,"12099","12100","FIRST_TX"
,,,,,,,,,,,,"12149","12150","FIRST_TX"
,,,,,,,,,,,,"12285","12286","FIRST_TX"
,,,,,,,,,,,,"12326","12327","FIRST_TX"
,,,,,,,,,,,,"12337","12338","FIRST_TX"
,,,,,,,,,,,,"12340","12341","FIRST_TX"
,,,,,,,,,,,,"12400","12401","FIRST_TX"
,,,,,,,,,,,,"12419","12420","FIRST_TX"
,,,,,,,,,,,,"12431","12432","FIRST_TX"
,,,,,,,,,,,,"12476","12477","FIRST_TX"
,,,,,,,,,,,,"12606","12607","FIRST_TX"
,,,,,,,,,,,,"12712","12713","FIRST_TX"
,,,,,,,,,,,,"12757","12758","FIRST_TX"
,,,,,,,,,,,,"12759","12760","FIRST_TX"
,,,,,,,,,,,,"12789","12790","FIRST_TX"
,,,,,,,,,,,,"12821","12822","FIRST_TX"
,,,,,,,,,,,,"12849","12850","FIRST_TX"
,,,,,,,,,,,,"12871","12872","FIRST_TX"
,,,,,,,,,,,,"12913","12914","FIRST_TX"
,,,,,,,,,,,,"12939","12940","FIRST_TX"
,,,,,,,,,,,,"12958","12959","FIRST_TX"
,,,,,,,,,,,,"12970","12971","FIRST_TX"
,,,,,,,,,,,,"12998","12999","FIRST_TX"
,,,,,,,,,,,,"13100","13102","FIRST_TX"
,,,,,,,,,,,,"13133","13134","FIRST_TX"
,,,,,,,,,,,,"13140","13141","FIRST_TX"
,,,,,,,,,,,,"13183","13184","FIRST_TX"
,,,,,,,,,,,,"13188","13189","FIRST_TX"
,,,,,,,,,,,,"13193","13194","FIRST_TX"
,,,,,,,,,,,,"13199","13200","FIRST_TX"
,,,,,,,,,,,,"13241","13242","FIRST_TX"
,,,,,,,,,,,,"13313","13314","FIRST_TX"
,,,,,,,,,,,,"13336","13337","FIRST_TX"
,,,,,,,,,,,,"13362","13363","FIRST_TX"
,,,,,,,,,,,,"13374","13375","FIRST_TX"
,,,,,,,,,,,,"13393","13394","FIRST_TX"
,,,,,,,,,,,,"13395","13396","FIRST_TX"
,,,,,,,,,,,,"13397","13398","FIRST_TX"
,,,,,,,,,,,,"13473","13474","FIRST_TX"
,,,,,,,,,,,,"13528","13529","FIRST_TX"
,,,,,,,,,,,,"13728","13729","FIRST_TX"
,,,,,,,,,,,,"13798","13799","FIRST_TX"
,,,,,,,,,,,,"13804","13805","FIRST_TX"
,,,,,,,,,,,,"13923","13924","FIRST_TX"
,,,,,,,,,,,,"13953","13954","FIRST_TX"
,,,,,,,,,,,,"13994","13995","FIRST_TX"
,,,,,,,,,,,,"14017","14018","FIRST_TX"
,,,,,,,,,,,,"14044","14045","FIRST_TX"
,,,,,,,,,,,,"14065","14066","FIRST_TX"
,,,,,,,,,,,,"14139","14140","FIRST_TX"
,,,,,,,,,,,,"14173","14174","FIRST_TX"
,,,,,,,,,,,,"14176","14177","FIRST_TX"
,,,,,,,,,,,,"14204","14206","FIRST_TX"
,,,,,,,,,,,,"14223","14224","FIRST_TX"
,,,,,,,,,,,,"14282","14283","FIRST_TX"
,,,,,,,,,,,,"14310","14311","FIRST_TX"
,,,,,,,,,,,,"14420","14421","FIRST_TX"
,,,,,,,,,,,,"14432","14433","FIRST_TX"
,,,,,,,,,,,,"14506","14507","FIRST_TX"
,,,,,,,,,,,,"14546","14547","FIRST_TX"
,,,,,,,,,,,,"14548","14549","FIRST_TX"
,,,,,,,,,,,,"14550","14551","FIRST_TX"
,,,,,,,,,,,,"14581","14582","FIRST_TX"
,,,,,,,,,,,,"14682","14683","FIRST_TX"
,,,,,,,,,,,,"14719","14720","FIRST_TX"
,,,,,,,,,,,,"13896","14764","FIRST_TX"
,,,,,,,,,,,,"14840","14841","FIRST_TX"
,,,,,,,,,,,,"14846","14847","FIRST_TX"
,,,,,,,,,,,,"14874","14875","FIRST_TX"
,,,,,,,,,,,,"14930","14931","FIRST_TX"
,,,,,,,,,,,,"14932","14933","FIRST_TX"
,,,,,,,,,,,,"14934","14935","FIRST_TX"
,,,,,,,,,,,,"14977","14978","FIRST_TX"
,,,,,,,,,,,,"14980","14981","FIRST_TX"
,,,,,,,,,,,,"14991","14992","FIRST_TX"
,,,,,,,,,,,,"15016","15017","FIRST_TX"
,,,,,,,,,,,,"15069","15070","FIRST_TX"
,,,,,,,,,,,,"15097","15098","FIRST_TX"
,,,,,,,,,,,,"15117","15118","FIRST_TX"
,,,,,,,,,,,,"15126","15127","FIRST_TX"
,,,,,,,,,,,,"15147","15148","FIRST_TX"
,,,,,,,,,,,,"13674","15207","FIRST_TX"
,,,,,,,,,,,,"15229","15230","FIRST_TX"
,,,,,,,,,,,,"15240","15241","FIRST_TX"
,,,,,,,,,,,,"15325","15326","FIRST_TX"
,,,,,,,,,,,,"15330","15331","FIRST_TX"
,,,,,,,,,,,,"15381","15382","FIRST_TX"
,,,,,,,,,,,,"14205","15383","FIRST_TX"
,,,,,,,,,,,,"15527","15528","FIRST_TX"
,,,,,,,,,,,,"15533","15534","FIRST_TX"
,,,,,,,,,,,,"15647","15648","FIRST_TX"
,,,,,,,,,,,,"15662","15663","FIRST_TX"
,,,,,,,,,,,,"15684","15685","FIRST_TX"
,,,,,,,,,,,,"15739","15740","FIRST_TX"
,,,,,,,,,,,,"15784","15785","FIRST_TX"
,,,,,,,,,,,,"15808","15809","FIRST_TX"
,,,,,,,,,,,,"15986","15987","FIRST_TX"
,,,,,,,,,,,,"16045","16046","FIRST_TX"
,,,,,,,,,,,,"16047","16048","FIRST_TX"
,,,,,,,,,,,,"16123","16124","FIRST_TX"
,,,,,,,,,,,,"16187","16188","FIRST_TX"
,,,,,,,,,,,,"16213","16214","FIRST_TX"
,,,,,,,,,,,,"16300","16301","FIRST_TX"
,,,,,,,,,,,,"16395","16396","FIRST_TX"
,,,,,,,,,,,,"16527","16528","FIRST_TX"
,,,,,,,,,,,,"16603","16604","FIRST_TX"
,,,,,,,,,,,,"16607","16608","FIRST_TX"
,,,,,,,,,,,,"16626","16627","FIRST_TX"
,,,,,,,,,,,,"16640","16641","FIRST_TX"
,,,,,,,,,,,,"16670","16671","FIRST_TX"
,,,,,,,,,,,,"16717","16718","FIRST_TX"
,,,,,,,,,,,,"12682","16750","FIRST_TX"
,,,,,,,,,,,,"16842","16843","FIRST_TX"
,,,,,,,,,,,,"16845","16847","FIRST_TX"
,,,,,,,,,,,,"16890","16891","FIRST_TX"
,,,,,,,,,,,,"16908","16909","FIRST_TX"
,,,,,,,,,,,,"16974","16976","FIRST_TX"
,,,,,,,,,,,,"17000","17001","FIRST_TX"
,,,,,,,,,,,,"17018","17019","FIRST_TX"
,,,,,,,,,,,,"17062","17063","FIRST_TX"
,,,,,,,,,,,,"17283","17284","FIRST_TX"
,,,,,,,,,,,,"17475","17476","FIRST_TX"
,,,,,,,,,,,,"17490","17491","FIRST_TX"
,,,,,,,,,,,,"17636","17637","FIRST_TX"
,,,,,,,,,,,,"17610","17765","FIRST_TX"
,,,,,,,,,,,,"17806","17807","FIRST_TX"
,,,,,,,,,,,,"17830","17831","FIRST_TX"
,,,,,,,,,,,,"17848","17849","FIRST_TX"
,,,,,,,,,,,,"17958","17959","FIRST_TX"
,,,,,,,,,,,,"17984","17985","FIRST_TX"
,,,,,,,,,,,,"18045","18046","FIRST_TX"
,,,,,,,,,,,,"18079","18080","FIRST_TX"
,,,,,,,,,,,,"18110","18111","FIRST_TX"
,,,,,,,,,,,,"18127","18128","FIRST_TX"
,,,,,,,,,,,,"18181","18182","FIRST_TX"
,,,,,,,,,,,,"18265","18266","FIRST_TX"
,,,,,,,,,,,,"18320","18321","FIRST_TX"
,,,,,,,,,,,,"18349","18350","FIRST_TX"
,,,,,,,,,,,,"18403","18404","FIRST_TX"
,,,,,,,,,,,,"18473","18474","FIRST_TX"
,,,,,,,,,,,,"18658","18659","FIRST_TX"
,,,,,,,,,,,,"18835","18836","FIRST_TX"
,,,,,,,,,,,,"18940","18941","FIRST_TX"
,,,,,,,,,,,,"18974","18975","FIRST_TX"
,,,,,,,,,,,,"19066","19067","FIRST_TX"
,,,,,,,,,,,,"19091","19092","FIRST_TX"
,,,,,,,,,,,,"19234","19235","FIRST_TX"
,,,,,,,,,,,,"11701","19251","FIRST_TX"
,,,,,,,,,,,,"19321","19322","FIRST_TX"
,,,,,,,,,,,,"19336","19337","FIRST_TX"
,,,,,,,,,,,,"19338","19339","FIRST_TX"
,,,,,,,,,,,,"19371","19372","FIRST_TX"
,,,,,,,,,,,,"19471","19472","FIRST_TX"
,,,,,,,,,,,,"19540","19541","FIRST_TX"
,,,,,,,,,,,,"19612","19613","FIRST_TX"
,,,,,,,,,,,,"19640","19641","FIRST_TX"
,,,,,,,,,,,,"19802","19803","FIRST_TX"
,,,,,,,,,,,,"20602","20603","FIRST_TX"
,,,,,,,,,,,,"20694","20695","FIRST_TX"
,,,,,,,,,,,,"20740","20741","FIRST_TX"
,,,,,,,,,,,,"20880","20881","FIRST_TX"
,,,,,,,,,,,,"20993","20994","FIRST_TX"
,,,,,,,,,,,,"21062","21063","FIRST_TX"
,,,,,,,,,,,,"21117","21118","FIRST_TX"
,,,,,,,,,,,,"21212","21213","FIRST_TX"
,,,,,,,,,,,,"21259","21260","FIRST_TX"
,,,,,,,,,,,,"21282","21283","FIRST_TX"
,,,,,,,,,,,,"21365","21366","FIRST_TX"
,,,,,,,,,,,,"21425","21426","FIRST_TX"
,,,,,,,,,,,,"21692","21693","FIRST_TX"
,,,,,,,,,,,,"21801","21802","FIRST_TX"
,,,,,,,,,,,,"20624","21831","FIRST_TX"
,,,,,,,,,,,,"21847","21848","FIRST_TX"
,,,,,,,,,,,,"22259","22260","FIRST_TX"
,,,,,,,,,,,,"22308","22309","FIRST_TX"
,,,,,,,,,,,,"22372","22373","FIRST_TX"
,,,,,,,,,,,,"22438","22439","FIRST_TX"
,,,,,,,,,,,,"22485","22486","FIRST_TX"
,,,,,,,,,,,,"22617","22618","FIRST_TX"
,,,,,,,,,,,,"22629","22630","FIRST_TX"
,,,,,,,,,,,,"22631","22632","FIRST_TX"
,,,,,,,,,,,,"22705","22706","FIRST_TX"
,,,,,,,,,,,,"22802","22803","FIRST_TX"
,,,,,,,,,,,,"13353","22873","FIRST_TX"
,,,,,,,,,,,,"23104","23105","FIRST_TX"
,,,,,,,,,,,,"23147","23148","FIRST_TX"
,,,,,,,,,,,,"23203","23204","FIRST_TX"
,,,,,,,,,,,,"23257","23258","FIRST_TX"
,,,,,,,,,,,,"21853","23337","FIRST_TX"
,,,,,,,,,,,,"23346","23347","FIRST_TX"
,,,,,,,,,,,,"23728","23729","FIRST_TX"
,,,,,,,,,,,,"23828","23829","FIRST_TX"
,,,,,,,,,,,,"23968","23969","FIRST_TX"
,,,,,,,,,,,,"24000","24001","FIRST_TX"
,,,,,,,,,,,,"24038","24039","FIRST_TX"
,,,,,,,,,,,,"24197","24198","FIRST_TX"
,,,,,,,,,,,,"24315","24316","FIRST_TX"
,,,,,,,,,,,,"24404","24405","FIRST_TX"
,,,,,,,,,,,,"24654","24655","FIRST_TX"
,,,,,,,,,,,,"24979","24980","FIRST_TX"
,,,,,,,,,,,,"25056","25057","FIRST_TX"
,,,,,,,,,,,,"25072","25073","FIRST_TX"
,,,,,,,,,,,,"25143","25144","FIRST_TX"
,,,,,,,,,,,,"18096","25203","FIRST_TX"
,,,,,,,,,,,,"25206","25207","FIRST_TX"
,,,,,,,,,,,,"25324","25325","FIRST_TX"
,,,,,,,,,,,,"25550","25551","FIRST_TX"
,,,,,,,,,,,,"25594","25595","FIRST_TX"
,,,,,,,,,,,,"25832","25833","FIRST_TX"
,,,,,,,,,,,,"25837","25838","FIRST_TX"
,,,,,,,,,,,,"17269","25839","FIRST_TX"
,,,,,,,,,,,,"26003","26004","FIRST_TX"
,,,,,,,,,,,,"26187","26188","FIRST_TX"
,,,,,,,,,,,,"26387","26388","FIRST_TX"
,,,,,,,,,,,,"26409","26410","FIRST_TX"
,,,,,,,,,,,,"23736","26515","FIRST_TX"
,,,,,,,,,,,,"26674","26675","FIRST_TX"
,,,,,,,,,,,,"26754","26755","FIRST_TX"
,,,,,,,,,,,,"13512","27008","FIRST_TX"
,,,,,,,,,,,,"27352","27353","FIRST_TX"
,,,,,,,,,,,,"27356","27357","FIRST_TX"
,,,,,,,,,,,,"26964","27408","FIRST_TX"
,,,,,,,,,,,,"21507","27615","FIRST_TX"
,,,,,,,,,,,,"27764","27765","FIRST_TX"
,,,,,,,,,,,,"15548","27793","FIRST_TX"
,,,,,,,,,,,,"27847","27848","FIRST_TX"
,,,,,,,,,,,,"27880","27881","FIRST_TX"
,,,,,,,,,,,,"28003","28004","FIRST_TX"
,,,,,,,,,,,,"28067","28068","FIRST_TX"
,,,,,,,,,,,,"28343","28344","FIRST_TX"
,,,,,,,,,,,,"20643","28345","FIRST_TX"
,,,,,,,,,,,,"17005","28394","FIRST_TX"
,,,,,,,,,,,,"28426","28427","FIRST_TX"
,,,,,,,,,,,,"28614","28615","FIRST_TX"
,,,,,,,,,,,,"27599","28645","FIRST_TX"
,,,,,,,,,,,,"28716","28717","FIRST_TX"
,,,,,,,,,,,,"28775","28776","FIRST_TX"
,,,,,,,,,,,,"28802","28803","FIRST_TX"
,,,,,,,,,,,,"28845","28846","FIRST_TX"
,,,,,,,,,,,,"29119","29120","FIRST_TX"
,,,,,,,,,,,,"29178","29179","FIRST_TX"
,,,,,,,,,,,,"29253","29254","FIRST_TX"
,,,,,,,,,,,,"29280","29281","FIRST_TX"
,,,,,,,,,,,,"29409","29410","FIRST_TX"
,,,,,,,,,,,,"18693","29547","FIRST_TX"
,,,,,,,,,,,,"29725","29726","FIRST_TX"
,,,,,,,,,,,,"29947","29948","FIRST_TX"
,,,,,,,,,,,,"30083","30084","FIRST_TX"
,,,,,,,,,,,,"30258","30259","FIRST_TX"
,,,,,,,,,,,,"22788","30360","FIRST_TX"
,,,,,,,,,,,,"30802","30803","FIRST_TX"
,,,,,,,,,,,,"31012","31013","FIRST_TX"
,,,,,,,,,,,,"31100","31101","FIRST_TX"
,,,,,,,,,,,,"17039","31402","FIRST_TX"
,,,,,,,,,,,,"17824","31500","FIRST_TX"
,,,,,,,,,,,,"31528","31529","FIRST_TX"
,,,,,,,,,,,,"16988","31753","FIRST_TX"
,,,,,,,,,,,,"32916","32917","FIRST_TX"
,,,,,,,,,,,,"20672","32960","FIRST_TX"
,,,,,,,,,,,,"32961","32962","FIRST_TX"
,,,,,,,,,,,,"16023","33189","FIRST_TX"
,,,,,,,,,,,,"33566","33567","FIRST_TX"
,,,,,,,,,,,,"33569","33570","FIRST_TX"
,,,,,,,,,,,,"34025","34026","FIRST_TX"
,,,,,,,,,,,,"34484","34485","FIRST_TX"
,,,,,,,,,,,,"35044","35045","FIRST_TX"
,,,,,,,,,,,,"32501","35104","FIRST_TX"
,,,,,,,,,,,,"35105","35106","FIRST_TX"
,,,,,,,,,,,,"36028","36030","FIRST_TX"
,,,,,,,,,,,,"36249","36250","FIRST_TX"
,,,,,,,,,,,,"31563","36263","FIRST_TX"
,,,,,,,,,,,,"23638","36321","FIRST_TX"
,,,,,,,,,,,,"36379","36380","FIRST_TX"
,,,,,,,,,,,,"35115","36659","FIRST_TX"
,,,,,,,,,,,,"36801","36802","FIRST_TX"
,,,,,,,,,,,,"27091","37189","FIRST_TX"
,,,,,,,,,,,,"37773","37774","FIRST_TX"
,,,,,,,,,,,,"37848","37849","FIRST_TX"
,,,,,,,,,,,,"37934","37935","FIRST_TX"
,,,,,,,,,,,,"26768","38093","FIRST_TX"
,,,,,,,,,,,,"38465","38466","FIRST_TX"
,,,,,,,,,,,,"38536","38537","FIRST_TX"
,,,,,,,,,,,,"38675","38676","FIRST_TX"
,,,,,,,,,,,,"38677","38678","FIRST_TX"
,,,,,,,,,,,,"32277","40043","FIRST_TX"
,,,,,,,,,,,,"40301","40302","FIRST_TX"
,,,,,,,,,,,,"39153","40328","FIRST_TX"
,,,,,,,,,,,,"40491","40492","FIRST_TX"
,,,,,,,,,,,,"40565","40566","FIRST_TX"
,,,,,,,,,,,,"41312","41313","FIRST_TX"
,,,,,,,,,,,,"42337","42338","FIRST_TX"
,,,,,,,,,,,,"39285","42397","FIRST_TX"
,,,,,,,,,,,,"40473","42728","FIRST_TX"
,,,,,,,,,,,,"43242","43243","FIRST_TX"
,,,,,,,,,,,,"32893","43597","FIRST_TX"
,,,,,,,,,,,,"37952","44682","FIRST_TX"
,,,,,,,,,,,,"30614","44820","FIRST_TX"
,,,,,,,,,,,,"44858","44859","FIRST_TX"
,,,,,,,,,,,,"39881","46721","FIRST_TX"
,,,,,,,,,,,,"27606","53089","FIRST_TX"
,,,,,,,,,,,,"39822","54247","FIRST_TX"
,,,,,,,,,,,,"26228","55722","FIRST_TX"
,,,,,,,,,,,,"22698","59275","FIRST_TX"
,,,,,,,,,,,,"40419","64948","FIRST_TX"
,,,,,,,,,,,,"27383","66776","FIRST_TX"
,,,,,,,,,,,,"27174","72014","FIRST_TX"
,,,,,,,,,,,,"43834","73893","FIRST_TX"
,,,,,,,,,,,,"29843","74311","FIRST_TX"
,,,,,,,,,,,,"42635","75942","FIRST_TX"
,,,,,,,,,,,,"39488","76534","FIRST_TX"
,,,,,,,,,,,,"22417","83696","FIRST_TX"
,,,,,,,,,,,,"42122","89341","FIRST_TX"
,,,,,,,,,,,,"31071","89349","FIRST_TX"
,,,,,,,,,,,,"22020","95800","FIRST_TX"
,,,,,,,,,,,,"20756","128112","FIRST_TX"
,,,,,,,,,,,,"36441","137671","FIRST_TX"
,,,,,,,,,,,,"26551","142999","FIRST_TX"
,,,,,,,,,,,,"45059","45060","FIRST_TX"
,,,,,,,,,,,,"45160","45161","FIRST_TX"
,,,,,,,,,,,,"46141","46142","FIRST_TX"
,,,,,,,,,,,,"46476","46477","FIRST_TX"
,,,,,,,,,,,,"47060","47061","FIRST_TX"
,,,,,,,,,,,,"47196","47197","FIRST_TX"
,,,,,,,,,,,,"47305","47306","FIRST_TX"
,,,,,,,,,,,,"50047","50049","FIRST_TX"
,,,,,,,,,,,,"48541","50506","FIRST_TX"
,,,,,,,,,,,,"50643","50644","FIRST_TX"
,,,,,,,,,,,,"51474","51475","FIRST_TX"
,,,,,,,,,,,,"48877","51652","FIRST_TX"
,,,,,,,,,,,,"52528","52529","FIRST_TX"
,,,,,,,,,,,,"53403","53404","FIRST_TX"
,,,,,,,,,,,,"52498","53787","FIRST_TX"
,,,,,,,,,,,,"54749","54750","FIRST_TX"
,,,,,,,,,,,,"54799","54800","FIRST_TX"
,,,,,,,,,,,,"55399","55400","FIRST_TX"
,,,,,,,,,,,,"56235","56236","FIRST_TX"
,,,,,,,,,,,,"56237","56239","FIRST_TX"
,,,,,,,,,,,,"56242","56243","FIRST_TX"
,,,,,,,,,,,,"56244","56245","FIRST_TX"
,,,,,,,,,,,,"56669","56670","FIRST_TX"
,,,,,,,,,,,,"50683","56824","FIRST_TX"
,,,,,,,,,,,,"47402","56885","FIRST_TX"
,,,,,,,,,,,,"57081","57082","FIRST_TX"
,,,,,,,,,,,,"58185","58186","FIRST_TX"
,,,,,,,,,,,,"60492","60493","FIRST_TX"
,,,,,,,,,,,,"61239","61240","FIRST_TX"
,,,,,,,,,,,,"62804","62805","FIRST_TX"
,,,,,,,,,,,,"62929","62930","FIRST_TX"
,,,,,,,,,,,,"57596","63589","FIRST_TX"
,,,,,,,,,,,,"66481","66482","FIRST_TX"
,,,,,,,,,,,,"66971","66972","FIRST_TX"
,,,,,,,,,,,,"50375","67020","FIRST_TX"
,,,,,,,,,,,,"67619","68886","FIRST_TX"
,,,,,,,,,,,,"59959","69686","FIRST_TX"
,,,,,,,,,,,,"70314","70315","FIRST_TX"
,,,,,,,,,,,,"55416","70402","FIRST_TX"
,,,,,,,,,,,,"73248","73249","FIRST_TX"
,,,,,,,,,,,,"74210","74211","FIRST_TX"
,,,,,,,,,,,,"75600","75601","FIRST_TX"
,,,,,,,,,,,,"71868","78055","FIRST_TX"
,,,,,,,,,,,,"80973","80974","FIRST_TX"
,,,,,,,,,,,,"81073","81074","FIRST_TX"
,,,,,,,,,,,,"47283","81309","FIRST_TX"
,,,,,,,,,,,,"69285","83918","FIRST_TX"
,,,,,,,,,,,,"85007","85008","FIRST_TX"
,,,,,,,,,,,,"53817","85249","FIRST_TX"
,,,,,,,,,,,,"90896","90897","FIRST_TX"
,,,,,,,,,,,,"91311","91312","FIRST_TX"
,,,,,,,,,,,,"92334","92335","FIRST_TX"
,,,,,,,,,,,,"92336","92337","FIRST_TX"
,,,,,,,,,,,,"92338","92339","FIRST_TX"
,,,,,,,,,,,,"92342","92344","FIRST_TX"
,,,,,,,,,,,,"92345","92346","FIRST_TX"
,,,,,,,,,,,,"92347","92348","FIRST_TX"
,,,,,,,,,,,,"92349","92350","FIRST_TX"
,,,,,,,,,,,,"92351","92352","FIRST_TX"
,,,,,,,,,,,,"92354","92355","FIRST_TX"
,,,,,,,,,,,,"92358","92360","FIRST_TX"
,,,,,,,,,,,,"92361","92363","FIRST_TX"
,,,,,,,,,,,,"92376","92377","FIRST_TX"
,,,,,,,,,,,,"92378","92379","FIRST_TX"
,,,,,,,,,,,,"92381","92382","FIRST_TX"
,,,,,,,,,,,,"92383","92385","FIRST_TX"
,,,,,,,,,,,,"92386","92387","FIRST_TX"
,,,,,,,,,,,,"92388","92389","FIRST_TX"
,,,,,,,,,,,,"92390","92391","FIRST_TX"
,,,,,,,,,,,,"92392","92393","FIRST_TX"
,,,,,,,,,,,,"92397","92398","FIRST_TX"
,,,,,,,,,,,,"92399","92400","FIRST_TX"
,,,,,,,,,,,,"92402","92403","FIRST_TX"
,,,,,,,,,,,,"92409","92410","FIRST_TX"
,,,,,,,,,,,,"92411","92412","FIRST_TX"
,,,,,,,,,,,,"92415","92416","FIRST_TX"
,,,,,,,,,,,,"92427","92428","FIRST_TX"
,,,,,,,,,,,,"92429","92430","FIRST_TX"
,,,,,,,,,,,,"92431","92432","FIRST_TX"
,,,,,,,,,,,,"92438","92439","FIRST_TX"
,,,,,,,,,,,,"92697","92698","FIRST_TX"
,,,,,,,,,,,,"90531","94921","FIRST_TX"
,,,,,,,,,,,,"94958","94959","FIRST_TX"
,,,,,,,,,,,,"86204","95119","FIRST_TX"
,,,,,,,,,,,,"75714","96194","FIRST_TX"
,,,,,,,,,,,,"97484","97485","FIRST_TX"
,,,,,,,,,,,,"97486","97487","FIRST_TX"
,,,,,,,,,,,,"97500","97501","FIRST_TX"
,,,,,,,,,,,,"97505","97506","FIRST_TX"
,,,,,,,,,,,,"97507","97508","FIRST_TX"
,,,,,,,,,,,,"98948","98949","FIRST_TX"
,,,,,,,,,,,,"99329","99330","FIRST_TX"
,,,,,,,,,,,,"99464","99466","FIRST_TX"
,,,,,,,,,,,,"99467","99469","FIRST_TX"
,,,,,,,,,,,,"99471","99472","FIRST_TX"
,,,,,,,,,,,,"99473","99474","FIRST_TX"
,,,,,,,,,,,,"99478","99479","FIRST_TX"
,,,,,,,,,,,,"99482","99483","FIRST_TX"
,,,,,,,,,,,,"99486","99487","FIRST_TX"
,,,,,,,,,,,,"99490","99491","FIRST_TX"
,,,,,,,,,,,,"99493","99494","FIRST_TX"
,,,,,,,,,,,,"100535","100536","FIRST_TX"
,,,,,,,,,,,,"101161","101162","FIRST_TX"
,,,,,,,,,,,,"70947","107203","FIRST_TX"
,,,,,,,,,,,,"76935","107926","FIRST_TX"
,,,,,,,,,,,,"114935","114936","FIRST_TX"
,,,,,,,,,,,,"82141","117727","FIRST_TX"
,,,,,,,,,,,,"119789","119790","FIRST_TX"
,,,,,,,,,,,,"120272","120273","FIRST_TX"
,,,,,,,,,,,,"120728","120729","FIRST_TX"
,,,,,,,,,,,,"124762","124763","FIRST_TX"
,,,,,,,,,,,,"124789","124790","FIRST_TX"
,,,,,,,,,,,,"124793","124794","FIRST_TX"
,,,,,,,,,,,,"124796","124797","FIRST_TX"
,,,,,,,,,,,,"124798","124799","FIRST_TX"
,,,,,,,,,,,,"124991","124992","FIRST_TX"
,,,,,,,,,,,,"125088","125090","FIRST_TX"
,,,,,,,,,,,,"125135","125136","FIRST_TX"
,,,,,,,,,,,,"125153","125154","FIRST_TX"
,,,,,,,,,,,,"125155","125156","FIRST_TX"
,,,,,,,,,,,,"64849","128359","FIRST_TX"
,,,,,,,,,,,,"132180","132181","FIRST_TX"
,,,,,,,,,,,,"97957","133065","FIRST_TX"
,,,,,,,,,,,,"136296","136297","FIRST_TX"
,,,,,,,,,,,,"121187","140125","FIRST_TX"
,,,,,,,,,,,,"91064","141270","FIRST_TX"
,,,,,,,,,,,,"143042","143043","FIRST_TX"
,,,,,,,,,,,,"151199","151200","FIRST_TX"
,,,,,,,,,,,,"151224","151225","FIRST_TX"
,,,,,,,,,,,,"151386","151387","FIRST_TX"
,,,,,,,,,,,,"151388","151389","FIRST_TX"
,,,,,,,,,,,,"151390","151391","FIRST_TX"
,,,,,,,,,,,,"151394","151395","FIRST_TX"
,,,,,,,,,,,,"155058","155059","FIRST_TX"
,,,,,,,,,,,,"167139","167140","FIRST_TX"
,,,,,,,,,,,,"176139","176140","FIRST_TX"
,,,,,,,,,,,,"178342","178343","FIRST_TX"
,,,,,,,,,,,,"178916","178917","FIRST_TX"
,,,,,,,,,,,,"178946","178947","FIRST_TX"
,,,,,,,,,,,,"178962","178963","FIRST_TX"
,,,,,,,,,,,,"185651","185652","FIRST_TX"
,,,,,,,,,,,,"185687","185688","FIRST_TX"
,,,,,,,,,,,,"193332","193333","FIRST_TX"
,,,,,,,,,,,,"58202","198168","FIRST_TX"
,,,,,,,,,,,,"199178","199179","FIRST_TX"
,,,,,,,,,,,,"202303","202304","FIRST_TX"
,,,,,,,,,,,,"202308","202309","FIRST_TX"
,,,,,,,,,,,,"202312","202313","FIRST_TX"
,,,,,,,,,,,,"202314","202315","FIRST_TX"
,,,,,,,,,,,,"202316","202317","FIRST_TX"
,,,,,,,,,,,,"202570","202571","FIRST_TX"
,,,,,,,,,,,,"213380","213381","FIRST_TX"
,,,,,,,,,,,,"214695","214696","FIRST_TX"
,,,,,,,,,,,,"221017","221018","FIRST_TX"
,,,,,,,,,,,,"106073","222300","FIRST_TX"
,,,,,,,,,,,,"223929","223930","FIRST_TX"
,,,,,,,,,,,,"223936","223937","FIRST_TX"
,,,,,,,,,,,,"225557","225558","FIRST_TX"
,,,,,,,,,,,,"226341","226342","FIRST_TX"
,,,,,,,,,,,,"227846","227847","FIRST_TX"
,,,,,,,,,,,,"228504","228505","FIRST_TX"
,,,,,,,,,,,,"228826","228827","FIRST_TX"
,,,,,,,,,,,,"230605","230606","FIRST_TX"
,,,,,,,,,,,,"230747","230748","FIRST_TX"
,,,,,,,,,,,,"239768","239769","FIRST_TX"
,,,,,,,,,,,,"244620","244621","FIRST_TX"
,,,,,,,,,,,,"244962","244963","FIRST_TX"
,,,,,,,,,,,,"245368","245369","FIRST_TX"
,,,,,,,,,,,,"245623","245624","FIRST_TX"
,,,,,,,,,,,,"245642","245643","FIRST_TX"
,,,,,,,,,,,,"245645","245646","FIRST_TX"
,,,,,,,,,,,,"245686","245687","FIRST_TX"
,,,,,,,,,,,,"245954","245955","FIRST_TX"
,,,,,,,,,,,,"248024","248025","FIRST_TX"
,,,,,,,,,,,,"249623","249624","FIRST_TX"
,,,,,,,,,,,,"254238","254239","FIRST_TX"
,,,,,,,,,,,,"255538","255539","FIRST_TX"
,,,,,,,,,,,,"260943","260944","FIRST_TX"
,,,,,,,,,,,,"260945","260946","FIRST_TX"
,,,,,,,,,,,,"260947","260948","FIRST_TX"
,,,,,,,,,,,,"260949","260950","FIRST_TX"
,,,,,,,,,,,,"260951","260952","FIRST_TX"
,,,,,,,,,,,,"261099","261100","FIRST_TX"
,,,,,,,,,,,,"262882","262883","FIRST_TX"
,,,,,,,,,,,,"268346","268347","FIRST_TX"
,,,,,,,,,,,,"273875","273876","FIRST_TX"
,,,,,,,,,,,,"277990","277991","FIRST_TX"
,,,,,,,,,,,,"278635","278636","FIRST_TX"
,,,,,,,,,,,,"279361","279362","FIRST_TX"
,,,,,,,,,,,,"282997","282998","FIRST_TX"
,,,,,,,,,,,,"283200","283201","FIRST_TX"
,,,,,,,,,,,,"283217","283218","FIRST_TX"
,,,,,,,,,,,,"283292","283293","FIRST_TX"
,,,,,,,,,,,,"283701","283702","FIRST_TX"
,,,,,,,,,,,,"283869","283870","FIRST_TX"
,,,,,,,,,,,,"284239","284240","FIRST_TX"
,,,,,,,,,,,,"284243","284244","FIRST_TX"
,,,,,,,,,,,,"284437","284438","FIRST_TX"
,,,,,,,,,,,,"284439","284440","FIRST_TX"
,,,,,,,,,,,,"284442","284443","FIRST_TX"
,,,,,,,,,,,,"287358","287359","FIRST_TX"
,,,,,,,,,,,,"288084","288085","FIRST_TX"
,,,,,,,,,,,,"291649","291650","FIRST_TX"
,,,,,,,,,,,,"295187","295188","FIRST_TX"
,,,,,,,,,,,,"300327","300328","FIRST_TX"
,,,,,,,,,,,,"300666","300667","FIRST_TX"
,,,,,,,,,,,,"300669","300670","FIRST_TX"
,,,,,,,,,,,,"300671","300672","FIRST_TX"
,,,,,,,,,,,,"300679","300680","FIRST_TX"
,,,,,,,,,,,,"300681","300682","FIRST_TX"
,,,,,,,,,,,,"300923","300924","FIRST_TX"
,,,,,,,,,,,,"310860","310861","FIRST_TX"
,,,,,,,,,,,,"310877","310878","FIRST_TX"
,,,,,,,,,,,,"313480","313481","FIRST_TX"
,,,,,,,,,,,,"314682","314683","FIRST_TX"
,,,,,,,,,,,,"315146","315147","FIRST_TX"
,,,,,,,,,,,,"315149","315150","FIRST_TX"
,,,,,,,,,,,,"315156","315157","FIRST_TX"
,,,,,,,,,,,,"315164","315165","FIRST_TX"
,,,,,,,,,,,,"315167","315168","FIRST_TX"
,,,,,,,,,,,,"315192","315193","FIRST_TX"
,,,,,,,,,,,,"315212","315213","FIRST_TX"
,,,,,,,,,,,,"315366","315367","FIRST_TX"
,,,,,,,,,,,,"315392","315393","FIRST_TX"
,,,,,,,,,,,,"315429","315430","FIRST_TX"
,,,,,,,,,,,,"316313","316314","FIRST_TX"
,,,,,,,,,,,,"316420","316421","FIRST_TX"
,,,,,,,,,,,,"316608","316609","FIRST_TX"
,,,,,,,,,,,,"316684","316685","FIRST_TX"
,,,,,,,,,,,,"316935","316936","FIRST_TX"
,,,,,,,,,,,,"316937","316938","FIRST_TX"
,,,,,,,,,,,,"316946","316947","FIRST_TX"
,,,,,,,,,,,,"317062","317063","FIRST_TX"
,,,,,,,,,,,,"317205","317206","FIRST_TX"
,,,,,,,,,,,,"317209","317210","FIRST_TX"
,,,,,,,,,,,,"318592","318593","FIRST_TX"
,,,,,,,,,,,,"318823","318824","FIRST_TX"
,,,,,,,,,,,,"318825","318826","FIRST_TX"
,,,,,,,,,,,,"318883","318884","FIRST_TX"
,,,,,,,,,,,,"318886","318887","FIRST_TX"
,,,,,,,,,,,,"319003","319004","FIRST_TX"
,,,,,,,,,,,,"319007","319008","FIRST_TX"
,,,,,,,,,,,,"319266","319267","FIRST_TX"
,,,,,,,,,,,,"319310","319311","FIRST_TX"
,,,,,,,,,,,,"319312","319313","FIRST_TX"
,,,,,,,,,,,,"319315","319316","FIRST_TX"
,,,,,,,,,,,,"319354","319355","FIRST_TX"
,,,,,,,,,,,,"319450","319451","FIRST_TX"
,,,,,,,,,,,,"319576","319577","FIRST_TX"
,,,,,,,,,,,,"319583","319584","FIRST_TX"
,,,,,,,,,,,,"319586","319587","FIRST_TX"
,,,,,,,,,,,,"319590","319591","FIRST_TX"
,,,,,,,,,,,,"319594","319595","FIRST_TX"
,,,,,,,,,,,,"319597","319598","FIRST_TX"
,,,,,,,,,,,,"319626","319627","FIRST_TX"
,,,,,,,,,,,,"319629","319630","FIRST_TX"
,,,,,,,,,,,,"319727","319728","FIRST_TX"
,,,,,,,,,,,,"319794","319795","FIRST_TX"
,,,,,,,,,,,,"319852","319853","FIRST_TX"
,,,,,,,,,,,,"319894","319895","FIRST_TX"
,,,,,,,,,,,,"319918","319919","FIRST_TX"
,,,,,,,,,,,,"320040","320041","FIRST_TX"
,,,,,,,,,,,,"320067","320068","FIRST_TX"
,,,,,,,,,,,,"320070","320071","FIRST_TX"
,,,,,,,,,,,,"320072","320073","FIRST_TX"
,,,,,,,,,,,,"320074","320075","FIRST_TX"
,,,,,,,,,,,,"320078","320079","FIRST_TX"
,,,,,,,,,,,,"320086","320087","FIRST_TX"
,,,,,,,,,,,,"320101","320102","FIRST_TX"
,,,,,,,,,,,,"320446","320447","FIRST_TX"
,,,,,,,,,,,,"320468","320469","FIRST_TX"
,,,,,,,,,,,,"320607","320608","FIRST_TX"
,,,,,,,,,,,,"320669","320670","FIRST_TX"
,,,,,,,,,,,,"320698","320699","FIRST_TX"
,,,,,,,,,,,,"320700","320701","FIRST_TX"
,,,,,,,,,,,,"320707","320708","FIRST_TX"
,,,,,,,,,,,,"320926","320927","FIRST_TX"
,,,,,,,,,,,,"320928","320929","FIRST_TX"
,,,,,,,,,,,,"321820","321821","FIRST_TX"
,,,,,,,,,,,,"321889","321890","FIRST_TX"
,,,,,,,,,,,,"321934","321935","FIRST_TX"
,,,,,,,,,,,,"321942","321943","FIRST_TX"
,,,,,,,,,,,,"321946","321947","FIRST_TX"
,,,,,,,,,,,,"321948","321949","FIRST_TX"
,,,,,,,,,,,,"321958","321959","FIRST_TX"
,,,,,,,,,,,,"322021","322022","FIRST_TX"
,,,,,,,,,,,,"322181","322182","FIRST_TX"
,,,,,,,,,,,,"322423","322424","FIRST_TX"
,,,,,,,,,,,,"322567","322568","FIRST_TX"
,,,,,,,,,,,,"322569","322570","FIRST_TX"
,,,,,,,,,,,,"322685","322686","FIRST_TX"
,,,,,,,,,,,,"322844","322845","FIRST_TX"
,,,,,,,,,,,,"322851","322852","FIRST_TX"
,,,,,,,,,,,,"322895","322896","FIRST_TX"
,,,,,,,,,,,,"322906","322907","FIRST_TX"
,,,,,,,,,,,,"322908","322909","FIRST_TX"
,,,,,,,,,,,,"322910","322911","FIRST_TX"
,,,,,,,,,,,,"322912","322913","FIRST_TX"
,,,,,,,,,,,,"322916","322917","FIRST_TX"
,,,,,,,,,,,,"322918","322919","FIRST_TX"
,,,,,,,,,,,,"322920","322921","FIRST_TX"
,,,,,,,,,,,,"322922","322923","FIRST_TX"
,,,,,,,,,,,,"322926","322927","FIRST_TX"
,,,,,,,,,,,,"322928","322929","FIRST_TX"
,,,,,,,,,,,,"322933","322934","FIRST_TX"
,,,,,,,,,,,,"322966","322967","FIRST_TX"
,,,,,,,,,,,,"323036","323037","FIRST_TX"
,,,,,,,,,,,,"323126","323127","FIRST_TX"
,,,,,,,,,,,,"323157","323158","FIRST_TX"
,,,,,,,,,,,,"323178","323179","FIRST_TX"
,,,,,,,,,,,,"323208","323209","FIRST_TX"
,,,,,,,,,,,,"323235","323236","FIRST_TX"
,,,,,,,,,,,,"323256","323257","FIRST_TX"
,,,,,,,,,,,,"323439","323440","FIRST_TX"
,,,,,,,,,,,,"323450","323451","FIRST_TX"
,,,,,,,,,,,,"323457","323458","FIRST_TX"
,,,,,,,,,,,,"323479","323480","FIRST_TX"
,,,,,,,,,,,,"323481","323482","FIRST_TX"
,,,,,,,,,,,,"323517","323518","FIRST_TX"
,,,,,,,,,,,,"323779","323780","FIRST_TX"
,,,,,,,,,,,,"323946","323947","FIRST_TX"
,,,,,,,,,,,,"324111","324112","FIRST_TX"
,,,,,,,,,,,,"324118","324119","FIRST_TX"
,,,,,,,,,,,,"324140","324141","FIRST_TX"
,,,,,,,,,,,,"324172","324173","FIRST_TX"
,,,,,,,,,,,,"324177","324178","FIRST_TX"
,,,,,,,,,,,,"324220","324221","FIRST_TX"
,,,,,,,,,,,,"324247","324248","FIRST_TX"
,,,,,,,,,,,,"324284","324285","FIRST_TX"
,,,,,,,,,,,,"324295","324296","FIRST_TX"
,,,,,,,,,,,,"324346","324347","FIRST_TX"
,,,,,,,,,,,,"324362","324363","FIRST_TX"
,,,,,,,,,,,,"324415","324416","FIRST_TX"
,,,,,,,,,,,,"324432","324433","FIRST_TX"
,,,,,,,,,,,,"324434","324435","FIRST_TX"
,,,,,,,,,,,,"324437","324438","FIRST_TX"
,,,,,,,,,,,,"324439","324440","FIRST_TX"
,,,,,,,,,,,,"324444","324445","FIRST_TX"
,,,,,,,,,,,,"324446","324447","FIRST_TX"
,,,,,,,,,,,,"324450","324451","FIRST_TX"
,,,,,,,,,,,,"324467","324468","FIRST_TX"
,,,,,,,,,,,,"324524","324525","FIRST_TX"
,,,,,,,,,,,,"324526","324527","FIRST_TX"
,,,,,,,,,,,,"324529","324530","FIRST_TX"
,,,,,,,,,,,,"324553","324554","FIRST_TX"
,,,,,,,,,,,,"324620","324621","FIRST_TX"
,,,,,,,,,,,,"324622","324623","FIRST_TX"
,,,,,,,,,,,,"324625","324626","FIRST_TX"
,,,,,,,,,,,,"324630","324631","FIRST_TX"
,,,,,,,,,,,,"324632","324633","FIRST_TX"
,,,,,,,,,,,,"324636","324637","FIRST_TX"
,,,,,,,,,,,,"324638","324639","FIRST_TX"
,,,,,,,,,,,,"324656","324657","FIRST_TX"
,,,,,,,,,,,,"324872","324873","FIRST_TX"
,,,,,,,,,,,,"324928","324929","FIRST_TX"
,,,,,,,,,,,,"324940","324941","FIRST_TX"
,,,,,,,,,,,,"324989","324990","FIRST_TX"
,,,,,,,,,,,,"324994","324995","FIRST_TX"
,,,,,,,,,,,,"324999","325000","FIRST_TX"
,,,,,,,,,,,,"325001","325002","FIRST_TX"
,,,,,,,,,,,,"325006","325007","FIRST_TX"
,,,,,,,,,,,,"325129","325130","FIRST_TX"
,,,,,,,,,,,,"325243","325244","FIRST_TX"
,,,,,,,,,,,,"325246","325247","FIRST_TX"
,,,,,,,,,,,,"325504","325505","FIRST_TX"
,,,,,,,,,,,,"325594","325595","FIRST_TX"
,,,,,,,,,,,,"325708","325709","FIRST_TX"
,,,,,,,,,,,,"325743","325744","FIRST_TX"
,,,,,,,,,,,,"325824","325825","FIRST_TX"
,,,,,,,,,,,,"325834","325835","FIRST_TX"
,,,,,,,,,,,,"325852","325853","FIRST_TX"
,,,,,,,,,,,,"325854","325855","FIRST_TX"
,,,,,,,,,,,,"325856","325857","FIRST_TX"
,,,,,,,,,,,,"325859","325860","FIRST_TX"
,,,,,,,,,,,,"325928","325929","FIRST_TX"
,,,,,,,,,,,,"326132","326133","FIRST_TX"
,,,,,,,,,,,,"326134","326135","FIRST_TX"
,,,,,,,,,,,,"326177","326178","FIRST_TX"
,,,,,,,,,,,,"326201","326202","FIRST_TX"
